id,X_grid,Y_grid,N_count,V_mean,V_sigma,h1,h2,h3,h4,v0_cell,s_cell
0,-7.8,-0.96666664,0.0,0.0,0.0,0.0,-0.70710677,0.0,0.6123724,174.17236,-1.4213808
1,-7.4,-0.96666664,0.0,0.0,0.0,0.0,-0.70710677,0.0,0.6123724,-2.2410555,-0.50908846
2,-7.0,-0.96666664,0.0,0.0,0.0,0.0,-0.70710677,0.0,0.6123724,192.98306,10.11263
3,-6.6,-0.96666664,0.0,0.0,0.0,0.0,-0.70710677,0.0,0.6123724,178.55663,44.569935
4,-6.2,-0.96666664,0.0,0.0,0.0,0.0,-0.70710677,0.0,0.6123724,181.90364,17.146189
5,-5.8,-0.96666664,0.0,0.0,0.0,0.0,-0.70710677,0.0,0.6123724,157.55698,37.633698
6,-5.4,-0.96666664,0.0,0.0,0.0,0.0,-0.70710677,0.0,0.6123724,187.6602,19.970057
7,-5.0,-0.96666664,0.0,0.0,0.0,0.0,-0.70710677,0.0,0.6123724,142.0543,20.854029
8,-4.6,-0.96666664,12.0,140.08537,23.841272,-0.25060338,0.02525945,-0.15924259,-0.06758613,146.14265,24.170782
9,-4.2,-0.96666664,22.0,140.71149,32.296448,-0.0008213723,0.08831678,0.26154375,0.03401175,140.7365,30.450756
10,-3.8000002,-0.96666664,24.0,126.04589,32.026905,-0.084240936,-0.09260316,0.000326811,-0.13857388,128.95192,34.49652
11,-3.4,-0.96666664,26.0,118.489784,45.013573,0.0058190343,0.13095456,-0.009753772,-0.328286,118.24919,41.34794
12,-2.9999995,-0.96666664,36.0,108.58324,44.539154,-0.08910846,-0.023065243,-0.24375454,0.10039172,112.635086,45.470783
13,-2.5999997,-0.96666664,53.0,103.36742,48.54308,0.033675045,0.038209658,0.15002488,-0.1065261,101.774315,47.307854
14,-2.1999998,-0.96666664,55.0,88.21777,50.01891,-0.04881238,0.120428555,-0.11109583,-0.068751946,90.476974,46.28347
15,-1.8000001,-0.96666664,53.0,71.98666,59.457027,0.013988176,0.092311546,-0.13240281,-0.2330952,71.204384,55.923744
16,-1.4,-0.96666664,85.0,55.95199,50.30775,-0.03048351,-0.035129316,0.06607942,-0.002521972,57.525894,51.63122
17,-0.99999964,-0.96666664,73.0,45.017647,58.755127,-0.011943268,0.08380033,0.04484324,-0.06656539,45.681202,55.55886
18,-0.59999967,-0.96666664,100.0,31.534622,57.495384,-0.03532595,0.0036456182,-0.115777716,-0.02206537,33.561737,57.383392
19,-0.19999993,-0.96666664,80.0,-10.200131,48.425907,-0.0064896597,-0.04874713,-0.085589044,0.029856807,-9.874429,50.18784
20,0.20000029,-0.96666664,89.0,-3.8457804,58.801907,-0.00705545,-0.05134675,0.23619446,0.18428412,-3.4149587,61.06229
21,0.6000004,-0.96666664,104.0,-19.091032,58.269882,0.035662528,-0.02007859,0.02610797,-0.0022020352,-21.200611,59.15396
22,1.0,-0.96666664,92.0,-50.677547,61.309406,0.0027822754,-0.033334408,0.052085485,0.032933727,-50.85229,62.80797
23,1.4000001,-0.96666664,82.0,-74.28688,53.64059,-0.08117998,0.012819133,-0.124285385,0.16867958,-69.95724,53.333767
24,1.8000002,-0.96666664,79.0,-77.265144,53.973644,-0.018579904,0.0037481193,0.06817319,-0.08157935,-76.26478,53.840443
25,2.2000003,-0.96666664,46.0,-84.175285,48.157974,0.053463366,-0.046459693,0.19989909,0.29782647,-86.84306,49.89891
26,2.6000004,-0.96666664,46.0,-100.72886,43.200603,-0.086212166,0.0635105,0.024098609,-0.08789992,-97.14897,41.52401
27,3.0,-0.96666664,43.0,-115.32359,50.220074,0.053004887,-0.08163777,-0.018924775,-0.0134267835,-118.1584,53.482006
28,3.4,-0.96666664,39.0,-125.64607,39.64528,0.005242574,-0.023135712,-0.010034307,-0.05647536,-125.8574,40.31076
29,3.8000002,-0.96666664,23.0,-140.0829,40.4987,-0.06778844,-0.061965648,-0.007116683,-0.13143104,-137.20146,42.506264
30,4.2000003,-0.96666664,0.0,0.0,0.0,0.0,-0.70710677,0.0,0.6123724,-152.35031,40.16008
31,4.6000004,-0.96666664,23.0,-148.90898,38.774136,-0.070525095,0.020233944,-0.11286814,-0.14694996,-146.20619,38.32374
32,5.0,-0.96666664,0.0,0.0,0.0,0.0,-0.70710677,0.0,0.6123724,-163.89749,43.323254
33,5.4,-0.96666664,0.0,0.0,0.0,0.0,-0.70710677,0.0,0.6123724,-175.68777,26.046202
34,5.8,-0.96666664,0.0,0.0,0.0,0.0,-0.70710677,0.0,0.6123724,-183.53323,17.253048
35,6.2000003,-0.96666664,0.0,0.0,0.0,0.0,-0.70710677,0.0,0.6123724,-157.99403,11.253581
36,6.6000004,-0.96666664,0.0,0.0,0.0,0.0,-0.70710677,0.0,0.6123724,-200.12079,1.8428216
37,7.0,-0.96666664,0.0,0.0,0.0,0.0,-0.70710677,0.0,0.6123724,-201.56096,19.984928
38,7.4,-0.96666664,0.0,0.0,0.0,0.0,-0.70710677,0.0,0.6123724,-149.05844,0.38584015
39,7.8,-0.96666664,0.0,0.0,0.0,0.0,-0.70710677,0.0,0.6123724,-199.43004,-0.8503934
40,-7.8,-0.9,0.0,0.0,0.0,0.0,-0.70710677,0.0,0.6123724,198.51297,10.380322
41,-7.4,-0.9,0.0,0.0,0.0,0.0,-0.70710677,0.0,0.6123724,2.9669173,1.7314178
42,-7.0,-0.9,0.0,0.0,0.0,0.0,-0.70710677,0.0,0.6123724,180.76193,23.217058
43,-6.6,-0.9,0.0,0.0,0.0,0.0,-0.70710677,0.0,0.6123724,167.23413,34.982727
44,-6.2,-0.9,0.0,0.0,0.0,0.0,-0.70710677,0.0,0.6123724,187.2155,17.176437
45,-5.8,-0.9,0.0,0.0,0.0,0.0,-0.70710677,0.0,0.6123724,160.05623,33.77217
46,-5.4,-0.9,14.0,165.1443,35.62766,-0.10024719,0.017876755,-0.14158891,-0.13510486,168.68898,35.359398
47,-5.0,-0.9,18.0,176.67325,29.275097,0.06058524,0.16576996,0.34752426,0.033788517,175.07452,26.388218
48,-4.6,-0.9,22.0,153.8581,44.066357,-6.9043854e-05,0.021276066,-0.10652291,-0.19412623,153.86111,43.417923
49,-4.2,-0.9,26.0,154.31633,31.830023,-0.052582327,-0.049589686,-0.36929786,0.32909513,156.05458,33.05764
50,-3.8000002,-0.9,33.0,135.71246,36.544174,0.05280224,0.08382781,-0.061119623,-0.117219746,133.88568,34.596546
51,-3.4,-0.9,43.0,116.5915,46.170296,0.005029182,-0.033067912,0.0058061234,-0.10381413,116.35366,47.28992
52,-2.9999995,-0.9,48.0,112.08025,47.592766,0.013284206,-0.087365024,0.09740525,-0.033829395,111.40485,50.84192
53,-2.5999997,-0.9,71.0,116.10035,55.264458,-0.022470469,-0.020483874,0.0230239,-0.13149713,117.360886,56.097363
54,-2.1999998,-0.9,76.0,92.85117,46.159626,-0.009758245,0.02131973,0.08604173,-0.0062878234,93.29499,45.48118
55,-1.8000001,-0.9,95.0,76.24364,53.421036,-0.024598451,0.07013,0.09612044,-0.047236275,77.49736,50.96803
56,-1.4,-0.9,119.0,76.22181,56.68274,0.024357377,0.07835656,0.027551034,-0.042538743,74.9115,53.795555
57,-0.99999964,-0.9,119.0,53.666187,55.444893,-0.006487538,-0.05065929,-0.14435713,0.0076817432,54.03951,57.54586
58,-0.59999967,-0.9,130.0,31.9134,61.127533,0.05026142,0.042491525,-0.015845617,-0.08918615,28.925825,59.440617
59,-0.19999993,-0.9,143.0,14.090159,60.77496,0.03103676,-0.038904577,0.06313168,0.05292267,12.148771,62.551067
60,0.20000029,-0.9,141.0,-14.576444,60.557487,-0.024492364,-0.013246165,0.014101843,-0.082956724,-13.078702,61.151485
61,0.6000004,-0.9,126.0,-25.630287,62.863182,0.05501564,0.020173674,0.21833333,0.06554158,-29.045475,62.076588
62,1.0,-0.9,131.0,-39.983833,53.33311,0.04013419,0.047339424,-0.24141483,0.12815195,-42.057644,51.67177
63,1.4000001,-0.9,105.0,-58.24942,53.745052,-0.013757574,0.0048763906,-0.0319472,-0.07402249,-57.512486,53.56572
64,1.8000002,-0.9,89.0,-80.56634,48.894627,-0.01120314,0.06323637,0.104546376,0.043186743,-80.04151,46.847477
65,2.2000003,-0.9,71.0,-109.76346,49.552616,-0.007525438,-0.031596944,0.030345758,-0.014155669,-109.38193,50.699753
66,2.6000004,-0.9,65.0,-102.29281,44.00923,-0.015974019,-0.023833537,-0.09825284,-0.13086641,-101.577576,44.77611
67,3.0,-0.9,49.0,-107.853065,47.7424,-0.08427283,0.19450063,-0.009846767,-0.16401626,-104.28004,42.398514
68,3.4,-0.9,46.0,-131.46819,41.969578,-0.00831123,0.012399771,0.2344011,0.050657954,-131.12236,41.607784
69,3.8000002,-0.9,33.0,-147.06148,33.398926,0.061901893,-0.041913565,-0.0025258774,-0.031794533,-149.19745,34.50528
70,4.2000003,-0.9,29.0,-149.74059,29.672562,-0.04920375,0.038201567,0.13654068,-0.014295538,-148.31685,28.935354
71,4.6000004,-0.9,21.0,-152.54077,32.772358,-0.022737395,0.12613818,-0.045467626,-0.1849506,-151.85417,30.19671
72,5.0,-0.9,20.0,-159.00795,46.36864,-0.07481074,0.0040895087,0.16284852,-0.30549338,-155.53938,46.36436
73,5.4,-0.9,12.0,-162.69981,34.167557,0.08286739,-0.11184126,-0.027719025,-0.07798836,-165.7984,37.392002
74,5.8,-0.9,11.0,-186.7047,25.3054,-0.1601862,0.14011475,0.04366766,-0.133128,-182.96115,23.370007
75,6.2000003,-0.9,0.0,0.0,0.0,0.0,-0.70710677,0.0,0.6123724,-170.69467,30.71486
76,6.6000004,-0.9,0.0,0.0,0.0,0.0,-0.70710677,0.0,0.6123724,-179.63399,18.77711
77,7.0,-0.9,0.0,0.0,0.0,0.0,-0.70710677,0.0,0.6123724,-185.94228,15.15247
78,7.4,-0.9,0.0,0.0,0.0,0.0,-0.70710677,0.0,0.6123724,-189.26715,17.221897
79,7.8,-0.9,0.0,0.0,0.0,0.0,-0.70710677,0.0,0.6123724,-198.86302,10.404322
80,-7.8,-0.8333333,0.0,0.0,0.0,0.0,-0.70710677,0.0,0.6123724,207.13945,15.86747
81,-7.4,-0.8333333,0.0,0.0,0.0,0.0,-0.70710677,0.0,0.6123724,204.64795,12.088963
82,-7.0,-0.8333333,0.0,0.0,0.0,0.0,-0.70710677,0.0,0.6123724,195.39049,14.587389
83,-6.6,-0.8333333,0.0,0.0,0.0,0.0,-0.70710677,0.0,0.6123724,185.80756,17.321316
84,-6.2,-0.8333333,10.0,182.87518,16.28086,0.18544154,0.13634893,0.23142155,0.024171432,180.07007,15.126671
85,-5.8,-0.8333333,27.0,172.65935,30.30177,0.012367253,-0.106673166,-0.27457458,0.0410543,172.25266,32.88637
86,-5.4,-0.8333333,18.0,173.94719,27.65097,-0.00625613,-0.028043333,-0.3256107,0.09809659,174.1237,28.216894
87,-5.0,-0.8333333,34.0,163.67104,34.37017,0.057632677,0.07862461,-0.22115208,-0.14823711,161.78911,32.653954
88,-4.6,-0.8333333,39.0,162.07535,36.48887,0.12411766,-0.023191178,0.065359764,-0.027603477,157.43318,37.4014
89,-4.2,-0.8333333,47.0,151.05898,44.396057,0.03188968,0.025419692,-0.030187689,-0.22692092,149.6673,43.640423
90,-3.8000002,-0.8333333,47.0,139.30598,42.847385,-0.018461201,0.053168,0.0048892605,0.0042275554,140.06897,41.32852
91,-3.4,-0.8333333,65.0,131.34357,40.983967,-0.025404725,0.03215425,-0.050991688,-0.13416865,132.36218,40.095116
92,-2.9999995,-0.8333333,75.0,121.88509,40.495045,0.035890702,0.045864116,-0.051658917,-0.038318537,120.4758,39.26615
93,-2.5999997,-0.8333333,110.0,115.661255,49.30227,0.05083913,-0.03540934,-0.039298296,-0.042842522,113.08606,50.65398
94,-2.1999998,-0.8333333,130.0,95.78211,49.86614,-0.028788377,0.023021536,-0.018748123,-0.063299544,97.19538,49.093494
95,-1.8000001,-0.8333333,147.0,83.49994,55.35971,-0.0046425667,0.031994265,-0.20219316,0.00677498,83.7513,54.148872
96,-1.4,-0.8333333,172.0,63.919872,59.080364,-0.042876124,0.016058456,0.03166318,-0.068377115,66.42696,58.473274
97,-0.99999964,-0.8333333,197.0,46.731163,57.2705,-0.013234729,-0.050152432,-0.013035267,-0.055351835,47.5176,59.42195
98,-0.59999967,-0.8333333,224.0,30.62589,63.79228,0.050683793,-0.04849564,-0.06012445,0.058892846,27.271114,66.19051
99,-0.19999993,-0.8333333,217.0,19.398472,62.707706,-0.012275461,-0.0742633,0.035831217,-0.062541656,20.212214,66.29059
100,0.20000029,-0.8333333,227.0,-8.819217,58.8919,-0.09968321,0.033370864,-0.048199724,0.08611448,-3.055077,57.824566
101,0.6000004,-0.8333333,208.0,-33.28197,55.20468,-0.009144613,-0.024076093,0.04413502,0.029798018,-32.76829,56.171623
102,1.0,-0.8333333,173.0,-48.873573,59.932587,0.013315723,-0.06167159,0.006884456,-0.0010972458,-49.708965,62.736656
103,1.4000001,-0.8333333,179.0,-61.134663,58.974266,0.01865853,0.033919025,-0.0052077556,0.010908218,-62.209732,57.618317
104,1.8000002,-0.8333333,147.0,-87.36599,55.80871,-0.030090883,-0.040238146,0.06390971,0.0056663947,-85.63592,57.495327
105,2.2000003,-0.8333333,129.0,-84.575615,52.853474,0.021490362,0.055970933,0.028318644,-0.06870669,-85.66924,50.889072
106,2.6000004,-0.8333333,113.0,-110.927734,42.327328,0.051016893,-0.044970773,0.029046422,-0.012652735,-113.16237,43.802097
107,3.0,-0.8333333,94.0,-117.47791,51.10422,-0.002826071,-0.049245473,0.11500285,0.010621472,-117.32819,52.98265
108,3.4,-0.8333333,75.0,-132.10773,44.58901,0.053706225,-0.047517244,0.029447371,-0.12027539,-134.59105,46.238663
109,3.8000002,-0.8333333,69.0,-140.95308,33.152172,-0.020882236,-0.074418604,-0.01763334,-0.08434982,-140.22102,35.056255
110,4.2000003,-0.8333333,43.0,-146.46486,37.65372,-0.02108605,-0.12022355,0.0031012506,-0.08268838,-145.59311,41.341995
111,4.6000004,-0.8333333,39.0,-154.12769,29.599607,0.03399032,0.10849568,0.10991916,-0.21640739,-155.06496,27.574434
112,5.0,-0.8333333,32.0,-158.55049,31.172968,-0.17337494,0.02741012,-0.048301205,0.075318635,-153.16924,31.038244
113,5.4,-0.8333333,21.0,-175.1602,35.12917,-0.06344738,0.41392386,0.13073535,-0.22825742,-173.38777,27.935375
114,5.8,-0.8333333,18.0,-174.23256,32.874256,0.13174666,0.0073112138,0.1194747,-0.21237767,-178.5789,32.990295
115,6.2000003,-0.8333333,13.0,-188.7724,24.985542,0.120705135,-0.099625714,0.085921966,-0.12412641,-192.05415,27.188217
116,6.6000004,-0.8333333,0.0,0.0,0.0,0.0,-0.70710677,0.0,0.6123724,-195.75418,15.22539
117,7.0,-0.8333333,10.0,-203.29187,12.195029,-0.03709685,-0.1649553,0.042786844,-0.035878666,-202.77475,13.939858
118,7.4,-0.8333333,0.0,0.0,0.0,0.0,-0.70710677,0.0,0.6123724,-197.60088,30.350029
119,7.8,-0.8333333,0.0,0.0,0.0,0.0,-0.70710677,0.0,0.6123724,-196.85703,19.37875
120,-7.8,-0.76666665,0.0,0.0,0.0,0.0,-0.70710677,0.0,0.6123724,201.64445,23.637453
121,-7.4,-0.76666665,0.0,0.0,0.0,0.0,-0.70710677,0.0,0.6123724,203.50531,20.848934
122,-7.0,-0.76666665,14.0,180.37466,30.00996,-0.067456014,0.02314039,-0.025971904,-0.05230358,182.3711,29.595917
123,-6.6,-0.76666665,18.0,195.71468,27.873178,-0.089048706,-0.015142984,-0.24735636,-0.09639105,198.234,28.291327
124,-6.2,-0.76666665,20.0,183.87808,25.388083,-0.06679714,0.03666346,0.07647589,-0.16360289,185.53513,24.807085
125,-5.8,-0.76666665,35.0,180.24432,31.053381,-0.049870804,-0.038264535,-0.24934211,0.0016162306,181.83875,31.97149
126,-5.4,-0.76666665,42.0,172.39175,33.604053,-0.009111601,-0.05689302,-0.17491637,-0.14246209,172.71106,35.044994
127,-5.0,-0.76666665,41.0,161.67728,36.95748,0.026234247,-0.014237796,-0.12488669,-0.13381383,160.69748,37.348347
128,-4.6,-0.76666665,56.0,156.92494,31.20378,-0.048652522,0.07186594,-0.13905306,-0.22502019,158.37291,29.761562
129,-4.2,-0.76666665,71.0,146.23708,38.673412,-0.1050181,0.010688863,-0.023294576,-0.07380631,150.29018,38.594738
130,-3.8000002,-0.76666665,91.0,136.51556,42.548294,-0.027654802,-0.06337512,0.033639394,-0.088736266,137.74927,44.612465
131,-3.4,-0.76666665,90.0,132.6764,43.817825,0.07199099,-0.07859755,-0.0016269312,-0.06426807,129.3207,46.61302
132,-2.9999995,-0.76666665,166.0,124.41474,45.851097,0.0527261,0.10095587,-0.087942384,0.010044866,122.15048,42.94363
133,-2.5999997,-0.76666665,152.0,109.83096,49.178665,-0.060600556,-0.00043015074,-0.10623834,-0.00958579,112.817604,49.284283
134,-2.1999998,-0.76666665,172.0,95.321686,50.565968,0.015643895,0.065718405,-0.06954487,-0.08393941,94.564926,48.373676
135,-1.8000001,-0.76666665,202.0,82.50384,53.071873,-0.034077793,-0.009856715,-0.053582687,0.015870256,84.32623,53.477135
136,-1.4,-0.76666665,263.0,69.02667,55.169003,-0.013769588,-0.0560712,-0.024413548,-0.04801509,69.81844,57.501602
137,-0.99999964,-0.76666665,274.0,52.548122,54.45187,0.01916058,0.03861309,-0.036590427,-0.09113083,51.531986,53.03262
138,-0.59999967,-0.76666665,279.0,36.96457,62.99361,0.0011713438,0.0044458183,-0.0770155,0.034336895,36.89102,62.796547
139,-0.19999993,-0.76666665,291.0,16.537855,64.81323,-0.024620494,0.0051332335,-0.105401754,0.090168245,18.128302,64.59869
140,0.20000029,-0.76666665,328.0,-6.9575024,61.846794,-0.017956777,0.010233255,0.08396423,0.04147673,-5.854708,61.413845
141,0.6000004,-0.76666665,270.0,-36.423203,60.527344,0.011873508,0.07558152,0.11089311,-0.0026889483,-37.106354,57.53438
142,1.0,-0.76666665,278.0,-49.37654,58.55625,0.05318003,0.015854465,-0.047427233,0.0038230352,-52.460503,57.99088
143,1.4000001,-0.76666665,236.0,-66.3314,56.179817,-0.0053071207,0.022123387,0.105785534,-0.10375217,-66.037796,55.32185
144,1.8000002,-0.76666665,211.0,-81.65026,55.85929,0.035700988,0.024894036,-0.024844198,-0.14006685,-83.61151,54.935017
145,2.2000003,-0.76666665,163.0,-94.231155,49.6348,0.044630174,0.036790155,0.0848475,0.02466584,-96.392944,48.43776
146,2.6000004,-0.76666665,158.0,-106.846275,50.16939,-0.032369677,-0.006788762,-0.039138295,-0.05339148,-105.21363,50.438572
147,3.0,-0.76666665,136.0,-122.03807,44.75993,0.017361041,-0.014076837,0.033114485,0.0054868623,-122.82314,45.219143
148,3.4,-0.76666665,108.0,-134.99524,44.054432,0.0769422,-0.024679888,-0.093297444,0.025326593,-138.45625,44.98219
149,3.8000002,-0.76666665,93.0,-144.53429,37.834473,0.03756371,-0.08784145,0.14065427,0.0013586363,-146.05415,40.461597
150,4.2000003,-0.76666665,80.0,-153.56764,36.579136,-0.10240175,0.030175122,0.054330986,-0.10417962,-149.88075,36.00424
151,4.6000004,-0.76666665,62.0,-163.55872,36.873093,0.01975928,0.06971974,0.24807048,-0.022487652,-164.25398,35.185665
152,5.0,-0.76666665,56.0,-166.76381,33.06064,-0.042228792,-0.0036749945,0.22014405,-0.09461334,-165.3628,33.176662
153,5.4,-0.76666665,35.0,-170.7118,27.501171,0.039042972,0.06832341,0.14236365,-0.1124879,-171.73785,26.279926
154,5.8,-0.76666665,27.0,-171.4774,27.500605,-0.17722921,0.097761385,-0.062212687,-0.30340216,-166.8447,26.13958
155,6.2000003,-0.76666665,25.0,-190.66367,24.624683,-0.047972783,0.6316279,-0.70009977,0.57022446,-189.80461,17.90727
156,6.6000004,-0.76666665,15.0,-176.64029,31.838614,0.08648931,0.06117455,0.20431584,-0.20774126,-179.29121,30.650473
157,7.0,-0.76666665,17.0,-199.36665,24.155098,-0.04637913,0.2367864,-0.014421214,-0.4444719,-198.39622,20.923777
158,7.4,-0.76666665,0.0,0.0,0.0,0.0,-0.70710677,0.0,0.6123724,-173.63687,17.51827
159,7.8,-0.76666665,0.0,0.0,0.0,0.0,-0.70710677,0.0,0.6123724,-198.52869,21.425056
160,-7.8,-0.7,0.0,0.0,0.0,0.0,-0.70710677,0.0,0.6123724,183.21034,24.268307
161,-7.4,-0.7,29.0,193.10098,21.1721,-0.14770968,-0.01430287,0.102011,-0.14335966,196.29619,21.631435
162,-7.0,-0.7,16.0,186.0383,30.305798,-0.10026166,-0.15856378,0.11536189,-0.101990916,189.5107,34.633392
163,-6.6,-0.7,28.0,191.15536,20.42775,-0.11617966,0.03941919,-0.028009202,-0.2450481,193.48007,20.009491
164,-6.2,-0.7,32.0,171.66492,33.183556,-0.028736344,-0.052655153,-0.034924038,-0.013604515,172.65659,34.50786
165,-5.8,-0.7,44.0,169.3741,33.611057,-0.007237435,0.05881652,-0.2987823,0.046828736,169.60785,32.295403
166,-5.4,-0.7,69.0,175.54515,28.866476,-0.013080265,0.31429538,-0.08506566,0.31467217,175.85933,24.019398
167,-5.0,-0.7,84.0,165.90361,32.095592,-0.026778964,0.032410588,-0.17202331,-0.07465112,166.74434,31.395227
168,-4.6,-0.7,94.0,157.50024,38.787457,0.05164434,0.0071236603,-0.10065561,-0.1534549,155.50449,38.64453
169,-4.2,-0.7,127.0,152.66147,39.861797,-0.022485238,0.08351145,-0.1525142,-0.071915254,153.50931,37.706257
170,-3.8000002,-0.7,147.0,147.81706,47.30868,0.023973826,-0.009624317,0.030179968,-0.046467483,146.67477,47.647865
171,-3.4,-0.7,164.0,136.98816,39.12702,0.007427728,0.0009219202,-0.08405127,-0.012363215,136.69774,39.102592
172,-2.9999995,-0.7,196.0,116.020096,47.10567,-0.07687836,0.03925625,-0.025489723,-0.047600012,119.55488,45.97915
173,-2.5999997,-0.7,215.0,115.103745,49.55056,0.015252389,0.0129968235,0.038326014,-0.029386977,114.35474,49.107056
174,-2.1999998,-0.7,286.0,97.95278,51.34937,-0.050027322,-0.078556925,-0.060284343,-0.007256345,100.681335,54.540535
175,-1.8000001,-0.7,291.0,84.4867,52.44077,0.009742207,0.0069747134,0.008422983,-0.0136142,83.9783,52.18652
176,-1.4,-0.7,378.0,71.81542,54.56186,-0.034048244,0.021146085,-0.07087808,0.019664627,73.64703,53.794178
177,-0.99999964,-0.7,408.0,47.118484,52.969597,-0.03438468,0.046539478,0.082587294,-0.043460008,48.883705,51.33647
178,-0.59999967,-0.7,400.0,29.957191,63.23991,0.01031347,0.09080033,-0.053555712,-0.006284806,29.343157,59.53579
179,-0.19999993,-0.7,460.0,11.784666,65.03586,-0.021471694,0.017968213,-0.019611077,0.1000292,13.163991,64.239395
180,0.20000029,-0.7,428.0,-9.480728,60.80936,-0.039882254,-0.011068226,-0.029879097,0.0033427407,-7.0343304,61.340546
181,0.6000004,-0.7,426.0,-34.760113,65.352486,0.008984291,-0.013897081,0.030116208,0.0019782158,-35.353146,66.00703
182,1.0,-0.7,379.0,-55.37613,59.14101,-0.007022051,0.03964122,0.012831013,0.07482004,-54.971996,57.551186
183,1.4000001,-0.7,368.0,-67.342415,59.346077,0.046061505,0.0012310252,0.08288024,0.006535636,-70.07654,59.357323
184,1.8000002,-0.7,301.0,-84.85252,53.409134,-0.048136696,0.011878246,-0.04869836,-0.06096202,-82.29998,53.026604
185,2.2000003,-0.7,283.0,-104.946045,51.547165,0.035267238,0.027719224,-0.06633734,-0.07403144,-106.73044,50.595753
186,2.6000004,-0.7,240.0,-105.58728,48.69086,0.006361289,0.014934483,0.15730734,0.07154826,-105.893814,48.18562
187,3.0,-0.7,204.0,-131.64693,42.566494,0.04199186,-0.073328525,-0.032571666,-0.097727686,-133.53685,45.005714
188,3.4,-0.7,162.0,-129.5723,47.72328,0.021275887,-0.11475213,-0.018363938,-0.03297568,-130.68192,52.155552
189,3.8000002,-0.7,159.0,-146.20184,40.97279,-0.010434732,-0.07930153,0.14270243,-0.011812646,-145.74805,43.486343
190,4.2000003,-0.7,101.0,-153.94255,39.128693,-0.04698119,-0.0072539784,-0.01532664,-0.11949843,-152.09271,39.37477
191,4.6000004,-0.7,97.0,-161.51952,37.993034,-0.04389301,-0.07036316,0.02924725,-0.10928916,-159.76025,40.080307
192,5.0,-0.7,73.0,-167.36534,36.331696,0.033033233,0.016722858,0.06821629,-0.11587196,-168.55215,35.92883
193,5.4,-0.7,55.0,-171.16383,29.397066,-0.12907612,0.14485745,-0.006748578,-0.1951461,-167.6828,26.968735
194,5.8,-0.7,42.0,-170.63963,35.222534,0.083532184,0.10866832,0.21500447,-0.07311003,-173.3872,32.892357
195,6.2000003,-0.7,42.0,-182.25436,26.935398,0.06726323,0.09753885,0.28090554,0.14339153,-183.95615,25.300457
196,6.6000004,-0.7,23.0,-182.70192,27.952108,0.0067269593,-0.024213323,0.19526322,-0.03292239,-182.89326,28.443972
197,7.0,-0.7,26.0,-191.25856,17.535456,-0.15926059,-0.051173102,-0.06537086,-0.063850895,-188.31853,18.460564
198,7.4,-0.7,12.0,-182.68224,24.542692,0.04186209,-0.16205665,0.01262418,-0.10666899,-183.85379,27.985987
199,7.8,-0.7,15.0,-197.90552,16.806225,0.02637568,0.19546302,0.070849836,-0.34368888,-198.29797,14.879615
200,-7.8,-0.63333327,29.0,189.26471,20.143818,0.01675162,-0.15579288,-0.11415416,-0.07979639,188.88249,22.817072
201,-7.4,-0.63333327,36.0,192.99945,23.188343,-0.0110117365,0.009934181,-0.26712933,0.01774778,193.25302,23.028643
202,-7.0,-0.63333327,37.0,194.86665,25.322144,-0.049379416,0.008406021,-0.020424677,-0.012828326,196.11116,25.203554
203,-6.6,-0.63333327,51.0,192.72304,22.052849,-0.012268111,-0.055270154,-0.3434527,0.113927566,193.00485,22.970518
204,-6.2,-0.63333327,78.0,182.75676,29.73207,0.08372645,0.08750714,-0.30538312,-0.008990788,180.40112,28.135044
205,-5.8,-0.63333327,78.0,179.32341,30.70999,-0.10099734,0.099298395,-0.12257771,-0.022412073,182.24088,28.886902
206,-5.4,-0.63333327,96.0,172.49803,36.5388,-0.026734268,-0.051110853,-0.14737605,-0.074885935,173.5126,37.950237
207,-5.0,-0.63333327,141.0,166.77287,32.47526,0.071119055,0.16710003,0.11399078,-0.043840196,164.69142,29.26703
208,-4.6,-0.63333327,154.0,162.07883,35.66396,-0.035418727,0.11899455,-0.17466754,-0.10580485,163.24812,33.013226
209,-4.2,-0.63333327,185.0,152.7812,37.600956,-0.05031464,0.022317346,-0.077260844,-0.071782835,154.64622,37.06678
210,-3.8000002,-0.63333327,210.0,148.22012,39.873238,0.04842008,0.027627176,-0.20329936,-0.004639375,146.32396,39.160675
211,-3.4,-0.63333327,238.0,131.53513,44.65591,-0.030047368,-0.022283165,-0.021186339,-0.10998082,132.89919,45.39781
212,-2.9999995,-0.63333327,303.0,122.21279,49.401913,-0.037827272,0.01271208,-0.088148996,0.0019766584,124.06628,48.998062
213,-2.5999997,-0.63333327,352.0,108.559685,49.76677,0.015812939,0.04606069,0.03509054,-0.06727938,107.79707,48.226562
214,-2.1999998,-0.63333327,421.0,99.6691,50.33188,0.03051045,-0.000795016,0.0076600043,-0.039461724,98.13182,50.383743
215,-1.8000001,-0.63333327,478.0,86.97392,50.25083,0.085416354,0.040117815,0.005323779,0.01386902,82.78402,49.052856
216,-1.4,-0.63333327,521.0,67.92266,59.74207,-0.04675707,0.034680873,-0.055863526,-0.009011763,70.65282,58.389587
217,-0.99999964,-0.63333327,525.0,51.798122,56.592278,0.02501956,-0.01432407,-0.06805953,0.024796072,50.36719,57.192635
218,-0.59999967,-0.63333327,609.0,34.504528,62.066483,0.058748186,0.03957564,-0.012980763,0.008057501,30.950357,60.49818
219,-0.19999993,-0.63333327,630.0,15.810661,64.39769,0.016837293,0.01060145,-0.0025303366,0.0992314,14.734274,63.929256
220,0.20000029,-0.63333327,633.0,-13.882133,62.355328,0.07380344,0.035737325,-0.032445367,0.083364554,-18.383791,60.995262
221,0.6000004,-0.63333327,608.0,-34.291687,64.24542,-0.011227143,0.006546333,-0.06451847,0.020272136,-33.57365,63.954067
222,1.0,-0.63333327,517.0,-59.908028,57.51306,-0.028317286,-0.04537572,-0.003217709,-0.013754847,-58.223797,59.477707
223,1.4000001,-0.63333327,503.0,-64.399,56.928123,0.04090094,-0.03478565,-0.0032415772,0.008425424,-66.78901,58.43365
224,1.8000002,-0.63333327,428.0,-85.21968,55.66122,0.050477143,0.060920406,-0.04524477,0.059518117,-87.91874,53.47078
225,2.2000003,-0.63333327,371.0,-99.601616,51.347534,-0.008528555,0.021643672,0.028742388,0.002067179,-99.17024,50.581158
226,2.6000004,-0.63333327,345.0,-118.40136,47.4749,-0.072505,0.06530031,-0.009344944,-0.10985458,-115.0999,45.53357
227,3.0,-0.63333327,312.0,-122.85172,47.662437,-0.02843089,0.028335411,0.10175472,-0.06416056,-121.52248,46.753353
228,3.4,-0.63333327,247.0,-137.11507,43.798367,-0.044408966,0.05519442,0.107739,-0.07546712,-135.23999,42.22173
229,3.8000002,-0.63333327,231.0,-146.36751,39.938797,0.010887029,0.02682959,0.05898709,0.04341767,-146.79434,39.20407
230,4.2000003,-0.63333327,172.0,-153.01703,38.944447,-0.10161652,0.12682703,0.09113788,-0.12533623,-149.35696,36.01882
231,4.6000004,-0.63333327,148.0,-163.98375,36.07766,-0.008107587,0.064767905,0.0162917,-0.12040894,-163.7038,34.53185
232,5.0,-0.63333327,118.0,-167.76228,32.764877,0.046639338,-0.07313355,-0.04406659,-0.085142165,-169.3781,34.645336
233,5.4,-0.63333327,95.0,-168.42711,37.44856,-0.042482696,0.038069565,0.1258968,-0.023633566,-166.87602,36.510696
234,5.8,-0.63333327,90.0,-173.5289,31.80025,-0.007378558,-0.15080653,0.049043372,-0.050338116,-173.26431,35.853924
235,6.2000003,-0.63333327,55.0,-183.00262,27.13184,0.009785856,-0.061600402,0.020514635,-0.13191181,-183.28055,28.398214
236,6.6000004,-0.63333327,70.0,-188.44977,29.44672,0.004973876,-0.01131272,0.098180145,-0.11302426,-188.59746,29.685219
237,7.0,-0.63333327,54.0,-192.64972,22.797169,0.02822114,-0.1172267,0.023554055,-0.12431379,-193.35445,24.971743
238,7.4,-0.63333327,30.0,-186.56088,30.266783,-0.027443597,-0.00992925,0.18412475,-0.17635874,-185.72404,30.493238
239,7.8,-0.63333327,32.0,-197.06589,22.428009,0.07106684,-0.055256963,0.18211973,0.025465,-198.73053,23.4236
240,-7.8,-0.5666666,38.0,199.48442,26.398539,-0.0011386103,0.30729496,-0.46831,-0.14970471,199.50955,22.040081
241,-7.4,-0.5666666,54.0,196.8739,26.311312,-0.050933786,-0.08182676,-0.10202237,-0.14808342,198.30112,28.021353
242,-7.0,-0.5666666,78.0,193.46153,25.171444,-0.12390049,-0.0021065418,-0.12607838,0.006722079,196.60927,25.405495
243,-6.6,-0.5666666,96.0,185.63922,28.27854,0.201272,0.11943456,-0.13167667,-0.2036454,180.28119,26.620981
244,-6.2,-0.5666666,112.0,183.36118,30.690237,-0.008280982,0.07878401,-0.31561348,0.035397347,183.60228,29.11198
245,-5.8,-0.5666666,141.0,181.07826,32.059456,0.0031474945,0.02237669,-0.24109392,0.098349944,180.97893,31.563988
246,-5.4,-0.5666666,141.0,174.57594,31.50062,-0.009581726,0.122443594,-0.09606403,-0.11191192,174.85461,29.084229
247,-5.0,-0.5666666,183.0,169.0437,35.624947,-0.008537277,-0.027601676,-0.048665307,-0.09423686,169.35399,36.342506
248,-4.6,-0.5666666,217.0,162.17168,34.525917,0.057219397,0.1214899,0.057104383,-0.07396277,160.34418,31.939018
249,-4.2,-0.5666666,279.0,154.02406,39.51523,0.009087439,-0.071875006,-0.032754835,-0.08638731,153.6452,41.69266
250,-3.8000002,-0.5666666,272.0,145.43544,47.335426,-0.07935174,-0.09312102,-0.13428597,0.092498034,149.48106,50.983406
251,-3.4,-0.5666666,356.0,134.48695,42.266224,0.053787,0.09772228,-0.009495879,0.06564797,132.3534,39.667534
252,-2.9999995,-0.5666666,408.0,122.93791,44.74404,0.069380574,0.035584755,-0.098681055,0.13852766,119.901825,43.759453
253,-2.5999997,-0.5666666,443.0,115.433105,48.748398,0.02011735,-0.046113163,-0.0068878145,-0.029155029,114.4186,50.430984
254,-2.1999998,-0.5666666,478.0,100.99211,50.93812,-0.017234858,-0.056084476,-0.09342511,0.0713222,101.90718,53.095516
255,-1.8000001,-0.5666666,635.0,83.33615,55.070507,0.03910561,-0.011244147,0.03491507,0.02406787,81.16357,55.55689
256,-1.4,-0.5666666,702.0,73.41855,54.606796,-0.0036200744,-0.043442402,0.0060563106,-0.021394106,73.62259,56.36612
257,-0.99999964,-0.5666666,800.0,54.715454,57.81563,0.019647209,0.03068535,0.009682285,-0.034855492,53.603214,56.611034
258,-0.59999967,-0.5666666,831.0,33.414616,59.67197,0.008886088,-0.04012047,0.010344209,0.017787054,32.868626,61.44304
259,-0.19999993,-0.5666666,875.0,10.935295,61.217968,-0.026420457,-0.0041316133,-0.02943528,0.029426299,12.558019,61.4192
260,0.20000029,-0.5666666,860.0,-11.199274,63.979637,-0.031699512,0.13143511,-0.08105659,0.09912774,-9.336075,58.776814
261,0.6000004,-0.5666666,801.0,-32.539677,60.20435,-0.028175885,-0.04218512,-0.030722044,0.038014658,-30.789656,62.111008
262,1.0,-0.5666666,725.0,-56.622715,59.890007,-0.034621567,-0.027215907,0.020439578,0.0404683,-54.506836,61.115032
263,1.4000001,-0.5666666,733.0,-68.98679,56.69593,-0.02001811,-0.05628109,0.027685104,0.046860274,-67.80351,59.109486
264,1.8000002,-0.5666666,613.0,-87.99952,53.342236,-0.058269195,-0.049553357,-0.0111280475,-0.059676286,-84.77047,55.41684
265,2.2000003,-0.5666666,529.0,-102.87979,49.70115,0.012908049,0.13044795,0.042616088,-0.0003913799,-103.46929,45.670254
266,2.6000004,-0.5666666,474.0,-113.50317,50.85364,-0.0004970298,-0.029297624,0.0335672,-0.018425127,-113.47734,51.941074
267,3.0,-0.5666666,411.0,-124.522514,45.114407,0.036966544,0.008882364,-0.059371315,-0.07108981,-126.18097,44.864037
268,3.4,-0.5666666,344.0,-135.34604,44.64003,-0.043331023,0.009116953,0.034305114,-0.03693902,-133.42236,44.396107
269,3.8000002,-0.5666666,299.0,-140.87192,43.775864,0.017556205,-0.08060867,-0.028776847,-0.055474523,-141.6885,46.51504
270,4.2000003,-0.5666666,246.0,-151.49068,39.575382,-0.013572027,0.082767054,0.09761661,-0.048264366,-150.98248,37.44753
271,4.6000004,-0.5666666,227.0,-164.67084,35.435627,0.06716405,-0.056478716,0.06154581,-0.044999298,-167.15808,37.032574
272,5.0,-0.5666666,182.0,-171.64,32.241066,-0.03263032,0.09459304,0.0342277,-0.1412041,-170.6515,30.293613
273,5.4,-0.5666666,131.0,-176.23576,27.911655,0.023416277,-0.009411476,0.10885153,0.014108219,-176.89392,28.107048
274,5.8,-0.5666666,126.0,-177.2225,32.025562,-0.037073757,-0.012284753,0.16590625,-0.078774676,-176.02386,32.33031
275,6.2000003,-0.5666666,104.0,-187.02736,26.845695,-0.0039965627,-0.007659347,0.12823771,0.035918865,-186.91953,26.992214
276,6.6000004,-0.5666666,96.0,-184.96985,28.36846,-0.027061375,-0.08130262,0.13703899,0.028320925,-184.15346,30.16749
277,7.0,-0.5666666,57.0,-196.46425,31.236622,0.0130415745,-0.02731883,0.43374422,0.21687946,-196.87975,31.86084
278,7.4,-0.5666666,60.0,-193.67001,23.134457,0.034488194,0.06040908,0.090947695,-0.012696974,-194.43628,22.217478
279,7.8,-0.5666666,44.0,-201.41788,22.07436,-0.05755874,0.14982101,0.48605573,0.2911882,-200.26213,20.079493
280,-7.8,-0.5,77.0,195.61223,24.794231,0.14772779,-0.086237215,-0.24031481,-0.024882408,191.65388,26.79497
281,-7.4,-0.5,110.0,195.93317,26.523575,0.023661653,-0.010720473,-0.12299166,-0.11180145,195.30067,26.734118
282,-7.0,-0.5,105.0,189.94743,28.506647,-0.088924006,-0.015155881,-0.21687472,0.005170332,192.52039,28.934584
283,-6.6,-0.5,169.0,185.57123,29.51079,-0.071587026,-0.055652976,-0.09945965,-0.08392135,187.77832,30.831696
284,-6.2,-0.5,172.0,182.21991,30.804005,0.047345478,0.05887898,-0.1498915,-0.01319362,180.8172,29.627039
285,-5.8,-0.5,191.0,175.8551,33.11819,0.016985446,0.011809294,-0.039837144,-0.07200111,175.29716,32.84946
286,-5.4,-0.5,228.0,174.66547,34.28417,0.055361133,-0.10155384,-0.12698008,-0.022360193,172.61084,37.113834
287,-5.0,-0.5,256.0,164.3136,33.66581,0.06962864,0.011626967,0.026758514,-0.10953036,161.98288,33.472588
288,-4.6,-0.5,327.0,162.41817,36.812897,0.048112538,0.008911109,-0.034941535,-0.12419036,160.65602,36.62497
289,-4.2,-0.5,396.0,151.30222,39.985374,-0.011155021,-0.0037361917,-0.008698204,-0.09785033,151.74948,40.093838
290,-3.8000002,-0.5,433.0,145.62231,42.16636,-0.0114263175,0.06471733,0.011005342,-0.07045296,146.0835,40.362286
291,-3.4,-0.5,519.0,135.5305,43.144356,0.053797867,0.017884426,-0.07479426,-0.06964601,133.23499,42.66911
292,-2.9999995,-0.5,583.0,127.77994,45.325493,0.01515592,-0.046896927,-0.045542676,-0.050327748,127.069,46.913193
293,-2.5999997,-0.5,671.0,115.79372,48.13836,0.029867297,-0.018835764,-0.051306147,0.0029214306,114.33573,48.815006
294,-2.1999998,-0.5,788.0,100.43575,52.53019,0.04380052,0.008060332,-0.085224465,0.010286984,98.145905,52.282654
295,-1.8000001,-0.5,867.0,85.09758,52.435753,0.03676333,0.04570868,-0.031311173,0.0018781077,83.2281,50.85131
296,-1.4,-0.5,954.0,70.57142,56.089943,0.058328178,0.016455479,0.015289884,-0.005471337,67.33179,55.54099
297,-0.99999964,-0.5,1049.0,51.59415,58.117447,-0.045355674,0.10674195,-0.027256949,0.0063580987,54.053356,54.220745
298,-0.59999967,-0.5,1049.0,36.025227,61.33036,-0.0898007,0.07697498,-0.022787709,0.0345941,41.274513,58.455097
299,-0.19999993,-0.5,1185.0,12.380741,62.553726,-0.032194335,-0.032807656,0.016172135,0.0769153,14.444156,64.09226
300,0.20000029,-0.5,1155.0,-8.990891,63.852962,0.04413063,0.015761826,0.009157369,0.08547475,-11.780535,63.213245
301,0.6000004,-0.5,1112.0,-30.549593,58.788563,-0.030075844,0.099899665,-0.045688726,0.075845264,-28.893879,55.051487
302,1.0,-0.5,1064.0,-53.63279,57.890415,0.00017494905,-0.012223471,-0.044136092,0.023556136,-53.64305,58.39735
303,1.4000001,-0.5,962.0,-70.96897,54.90667,0.010680648,0.041147463,0.048854522,0.028072432,-71.539154,53.378395
304,1.8000002,-0.5,857.0,-90.109665,54.61275,-0.027794348,0.007996774,0.03246856,-0.022872949,-88.599655,54.327305
305,2.2000003,-0.5,791.0,-101.93653,49.870743,-0.10575434,0.108369835,-0.08518407,-0.030998584,-97.00151,46.665596
306,2.6000004,-0.5,691.0,-115.9275,48.214245,-0.027062286,0.028835442,0.012131885,-0.060779274,-114.647964,47.2771
307,3.0,-0.5,582.0,-126.558174,47.367485,0.05416294,-0.023505382,0.009687438,-0.060326867,-129.17145,48.248356
308,3.4,-0.5,543.0,-138.33447,45.834747,-0.035936702,0.022734094,7.815918e-05,-0.05448688,-136.71217,45.14354
309,3.8000002,-0.5,423.0,-146.02019,43.261242,0.049697187,-0.06296731,0.044737075,-0.010775066,-148.27585,45.387905
310,4.2000003,-0.5,367.0,-155.79997,39.708927,-0.033189014,-0.023789957,0.10339923,-0.00066303904,-154.45856,40.417297
311,4.6000004,-0.5,337.0,-158.63638,37.061974,-0.06702609,-0.023400985,0.07990834,-0.12467007,-156.10419,37.778904
312,5.0,-0.5,295.0,-166.95007,36.549946,0.0068128933,-0.07283127,0.047323354,-0.06827789,-167.21306,38.592133
313,5.4,-0.5,217.0,-172.73164,34.79429,-0.043559704,-0.08197693,0.06936967,-0.096527904,-171.11792,37.045433
314,5.8,-0.5,198.0,-179.59949,32.018063,0.048756633,-0.128433,0.08845638,-0.012147475,-181.32764,35.445015
315,6.2000003,-0.5,159.0,-180.54062,31.614159,0.0062601403,-0.026691684,0.22908546,0.020654561,-180.74242,32.228638
316,6.6000004,-0.5,133.0,-186.25789,31.057219,0.047848042,0.020986686,0.25985956,-0.017491402,-187.724,30.639997
317,7.0,-0.5,109.0,-190.76303,29.324757,0.051789064,0.11896715,0.25349233,-0.059284225,-192.16974,27.162241
318,7.4,-0.5,83.0,-193.74652,26.412739,-0.04070625,-0.07380887,0.18869576,0.12481759,-192.60942,27.93513
319,7.8,-0.5,75.0,-203.44469,21.461357,-0.06901307,-0.12128506,0.24586134,0.06291259,-201.81277,23.646605
320,-7.8,-0.43333334,120.0,197.48843,25.273504,-0.13231412,-0.13717636,-0.30112845,0.33630252,201.25435,28.462044
321,-7.4,-0.43333334,141.0,193.3273,28.735323,0.18329166,-0.03927766,-0.19730541,-0.10384552,187.80861,30.108757
322,-7.0,-0.43333334,173.0,191.33237,28.774786,0.021225907,-0.078344755,-0.17755519,-0.069038406,190.68448,30.522741
323,-6.6,-0.43333334,215.0,187.59138,31.34467,-0.09016643,0.30350545,-0.54917455,0.29897678,189.96222,26.29366
324,-6.2,-0.43333334,252.0,183.9405,31.378735,-0.06042336,0.06770462,-0.24989106,-0.02467864,185.75482,30.026262
325,-5.8,-0.43333334,300.0,178.07689,32.267075,0.0041586333,0.032491513,-0.09321592,-0.109352775,177.94566,31.55099
326,-5.4,-0.43333334,352.0,173.64056,37.215588,0.020812107,0.08933488,-0.12983729,-0.1306695,172.91055,35.0736
327,-5.0,-0.43333334,363.0,165.41501,37.50073,0.027635131,-0.0278004,-0.09150518,-0.12812899,164.35735,38.27528
328,-4.6,-0.43333334,494.0,159.12141,38.017216,-0.08328605,0.07713548,-0.020670572,-0.115779735,162.13739,36.212994
329,-4.2,-0.43333334,544.0,153.07324,41.186646,-0.0053584278,-0.016487215,-0.07436784,-0.07268969,153.2965,41.6762
330,-3.8000002,-0.43333334,607.0,142.97395,42.712772,-0.008967857,-0.025080621,-0.03951703,-0.077045485,143.3639,43.493015
331,-3.4,-0.43333334,718.0,139.16832,45.232193,0.07189588,0.068379976,-0.06285447,-0.07110247,136.05573,43.293972
332,-2.9999995,-0.43333334,794.0,125.58336,46.456947,0.060885657,0.009905268,-0.029673098,-0.060632788,122.76927,46.219433
333,-2.5999997,-0.43333334,936.0,112.70577,50.76143,-0.02897252,0.059965357,0.033690102,-0.007893445,114.11837,48.75573
334,-2.1999998,-0.43333334,987.0,101.30842,49.755516,-0.022617191,0.016891783,-0.0059736203,-0.04296789,102.42081,49.184036
335,-1.8000001,-0.43333334,1151.0,86.713585,55.52057,-0.0230957,0.056625895,0.007715237,-0.01800771,87.94775,53.435883
336,-1.4,-0.43333334,1250.0,69.69585,55.73886,-0.026429232,0.04731245,0.029233374,0.04026838,71.12247,53.980457
337,-0.99999964,-0.43333334,1332.0,53.061222,57.74731,-0.035321515,0.014348979,0.028380798,0.0037408366,55.08179,57.20519
338,-0.59999967,-0.43333334,1442.0,35.120956,60.548084,-0.0054951874,0.012876959,-0.039633542,-0.014834866,35.45071,60.005043
339,-0.19999993,-0.43333334,1428.0,14.72834,61.15212,0.08054335,0.021809308,0.060023673,0.05456786,9.861851,60.420715
340,0.20000029,-0.43333334,1473.0,-12.266808,62.20473,-0.0031413469,-0.050330505,0.023681648,0.04572891,-12.064042,64.54453
341,0.6000004,-0.43333334,1422.0,-33.086613,61.236958,0.025533425,-0.023963349,-0.01872096,0.017401515,-34.677925,62.322712
342,1.0,-0.43333334,1343.0,-56.518616,59.36525,-0.016796837,-0.006210254,-0.045385297,-0.0033231766,-55.516968,59.63608
343,1.4000001,-0.43333334,1277.0,-73.31543,55.62881,-0.0040271375,0.11461827,-0.00031832582,0.020085255,-73.107635,51.60385
344,1.8000002,-0.43333334,1156.0,-90.022255,52.655087,0.025686014,0.02587825,-0.05251672,0.030905142,-91.35107,51.73373
345,2.2000003,-0.43333334,1038.0,-99.12901,52.596313,-0.034133907,-0.00011607242,-0.020286608,-0.0043202657,-97.332634,52.630947
346,2.6000004,-0.43333334,880.0,-116.13849,47.30154,-0.08060803,-0.0036026284,0.046669748,-0.05814391,-112.30326,47.57818
347,3.0,-0.43333334,811.0,-126.90052,47.50339,-0.02956787,-0.05274497,0.007536995,-0.09635426,-125.43971,49.404293
348,3.4,-0.43333334,692.0,-134.20894,44.77583,-0.07993675,-0.04993192,0.027879314,-0.06475444,-130.4833,46.606384
349,3.8000002,-0.43333334,615.0,-145.0885,41.773056,-0.018232627,-0.032504156,0.044817217,-0.042311907,-144.30869,42.774723
350,4.2000003,-0.43333334,541.0,-153.70422,39.90856,-0.04345217,0.14622833,0.075816356,-0.08634672,-152.12453,36.356564
351,4.6000004,-0.43333334,486.0,-160.49149,37.166065,0.021659775,0.14933404,0.08052971,-0.10080315,-161.22314,33.77708
352,5.0,-0.43333334,397.0,-171.38194,35.16068,0.070360474,-0.07995675,0.06682475,-0.06750048,-174.01619,37.43965
353,5.4,-0.43333334,321.0,-174.81085,35.277195,-0.019418957,0.072353244,0.11074908,-0.16244884,-174.15828,33.605686
354,5.8,-0.43333334,276.0,-177.9496,34.5688,0.07532447,-0.066665314,0.09046457,-0.020680744,-180.69424,36.437912
355,6.2000003,-0.43333334,255.0,-183.4088,30.835629,-0.01213122,0.008602087,0.19647703,-0.07191881,-183.037,30.651724
356,6.6000004,-0.43333334,202.0,-187.76279,27.917358,0.0040312754,-0.14852019,0.10681598,0.016517332,-187.88934,31.410923
357,7.0,-0.43333334,178.0,-189.11888,27.744017,-0.037566613,-0.05395707,0.16621552,-0.08933317,-188.03355,28.889778
358,7.4,-0.43333334,154.0,-192.35027,27.195904,0.14794934,-0.03927825,0.18074977,0.019370629,-196.53934,28.314383
359,7.8,-0.43333334,119.0,-196.78862,23.93905,0.039874684,0.29450053,0.27253065,-0.13549444,-197.59113,20.125315
360,-7.8,-0.36666662,203.0,197.74408,23.695826,-0.024849165,0.17709011,-0.3984501,0.15338296,198.27077,21.195873
361,-7.4,-0.36666662,226.0,193.03703,26.799238,-0.07326949,-0.0897953,-0.20602521,0.124100186,195.14505,28.771276
362,-7.0,-0.36666662,269.0,189.9056,28.26873,0.035666626,0.06329985,-0.27868122,0.07984612,188.939,27.098562
363,-6.6,-0.36666662,290.0,185.84036,31.128765,-0.16461821,0.13028257,-0.28443995,0.045895986,190.60406,28.937859
364,-6.2,-0.36666662,354.0,184.59169,30.992754,0.012339083,0.040783398,-0.18610126,-0.08073595,184.21974,30.13823
365,-5.8,-0.36666662,425.0,179.93246,34.404194,-0.118787296,-0.009240444,-0.1304753,-0.052947734,184.07594,34.881554
366,-5.4,-0.36666662,477.0,172.01651,35.75918,-0.055324197,-0.0034288147,-0.122765176,-0.06810025,174.00273,35.90135
367,-5.0,-0.36666662,575.0,167.99265,36.257893,-0.010965419,-0.01987186,-0.04260947,-0.12147747,168.39597,36.780575
368,-4.6,-0.36666662,663.0,164.39581,37.15813,-0.0064552603,-0.07595823,-0.06250101,-0.09392514,164.64978,39.331238
369,-4.2,-0.36666662,738.0,153.70798,40.685795,-0.042263824,-0.049950127,-0.021480672,-0.08625284,155.49338,42.244377
370,-3.8000002,-0.36666662,846.0,147.93068,42.64525,-0.026256008,0.09991661,-0.055541236,-0.08800004,148.97899,39.930355
371,-3.4,-0.36666662,969.0,135.90836,45.27173,-0.042646457,0.053782668,0.017886302,-0.055878025,137.77109,43.67943
372,-2.9999995,-0.36666662,1130.0,125.31374,47.627533,-0.009904652,-0.0066869347,-0.036044158,-0.020387476,125.78771,47.85687
373,-2.5999997,-0.36666662,1206.0,115.90169,49.76363,-0.046074722,0.01556913,0.022428099,-0.08293531,118.17204,49.276176
374,-2.1999998,-0.36666662,1322.0,102.913246,51.271957,-0.013415019,-0.094264165,0.0665537,-0.015748978,103.65218,55.079773
375,-1.8000001,-0.36666662,1507.0,86.5025,55.25971,-0.0038659016,-0.05571274,-0.007942718,0.0037542686,86.725174,57.57473
376,-1.4,-0.36666662,1622.0,72.0513,55.941227,-0.012595061,0.009075144,0.04284753,-0.00016240173,72.751495,55.589977
377,-0.99999964,-0.36666662,1755.0,57.316933,58.022636,0.0020487804,-0.032034807,-0.015311491,0.022135984,57.19527,59.383537
378,-0.59999967,-0.36666662,1879.0,33.256783,59.776577,-0.006733099,0.008970198,0.006489906,0.09185027,33.65676,59.402287
379,-0.19999993,-0.36666662,1935.0,10.223843,62.418915,-0.0544514,-0.046171706,0.008591092,0.033277463,13.744959,64.66503
380,0.20000029,-0.36666662,1900.0,-12.599307,63.529266,0.005093407,0.017282821,0.034269072,0.061481636,-12.91901,62.767635
381,0.6000004,-0.36666662,1824.0,-33.503277,59.115635,-0.06569967,0.18669604,-0.007955404,0.16112627,-30.04284,52.67043
382,1.0,-0.36666662,1774.0,-52.69197,59.15038,-0.069307335,0.004179703,-0.004687282,-0.008457398,-48.594604,59.11775
383,1.4000001,-0.36666662,1604.0,-74.30114,54.693535,-0.02603035,0.026355857,-0.054388855,0.014998484,-72.902725,53.719536
384,1.8000002,-0.36666662,1520.0,-88.14368,53.20036,-0.106313735,-0.036161195,-0.033668723,-0.019214798,-82.3025,54.94324
385,2.2000003,-0.36666662,1308.0,-102.02785,52.130733,0.048740506,-0.0028149881,0.015040769,0.042903405,-104.576866,52.297226
386,2.6000004,-0.36666662,1203.0,-112.92652,49.096912,-0.011237317,0.008632855,0.005827266,0.0030877257,-112.37823,48.802734
387,3.0,-0.36666662,1085.0,-125.43256,47.28448,-0.053198047,0.0068771015,0.020615494,-0.010870648,-122.925705,47.122387
388,3.4,-0.36666662,976.0,-136.61148,45.77853,-0.0022912314,0.015898803,0.03291881,-0.11096336,-136.50781,45.272472
389,3.8000002,-0.36666662,808.0,-145.96158,43.819942,0.0073056887,-0.025551781,0.03281023,-0.108152695,-146.28763,44.635315
390,4.2000003,-0.36666662,706.0,-153.23294,40.325798,0.0020988816,-0.009633506,0.022155752,-0.07524953,-153.31807,40.60371
391,4.6000004,-0.36666662,637.0,-160.20982,39.181244,-0.032251276,-0.016980333,0.03591734,-0.10255176,-158.93007,39.681366
392,5.0,-0.36666662,501.0,-166.70554,35.6384,-0.022132983,0.16293517,0.05536599,-0.086758494,-165.99425,32.135075
393,5.4,-0.36666662,462.0,-173.14803,33.938564,0.06442927,0.051353406,0.16132802,-0.036175776,-175.2634,32.833282
394,5.8,-0.36666662,412.0,-178.2789,34.323257,0.025736466,-0.022308284,0.10988784,-0.09916166,-179.17674,34.89055
395,6.2000003,-0.36666662,367.0,-181.80269,30.942865,0.0919325,-0.116507635,0.07138814,-0.03458602,-184.9312,34.030365
396,6.6000004,-0.36666662,314.0,-186.05377,31.553465,-0.021738071,-0.068256065,0.11664078,-0.051683173,-185.33199,33.204872
397,7.0,-0.36666662,247.0,-188.38316,29.225819,0.008598611,0.16075769,0.32086173,0.12624139,-188.61,26.381506
398,7.4,-0.36666662,208.0,-190.27603,30.951008,-0.02856322,-0.09051736,0.22214752,-0.050041925,-189.32881,33.160767
399,7.8,-0.36666662,169.0,-193.57652,26.234297,-0.03310395,-0.08819784,0.23595108,0.054197505,-192.64769,28.058582
400,-7.8,-0.29999995,285.0,193.32031,28.955988,0.014347152,-0.054484706,-0.31137562,0.06303611,192.88783,30.143785
401,-7.4,-0.29999995,349.0,193.53848,27.80309,0.072272904,-0.11647939,-0.13061185,-0.016722756,191.33302,30.516445
402,-7.0,-0.29999995,357.0,185.72691,31.751045,-0.07193527,0.23102838,-0.38130072,0.057438627,187.71375,27.61951
403,-6.6,-0.29999995,404.0,185.72134,31.154165,-0.06411454,0.03319452,-0.22176003,0.07088395,187.67732,30.507595
404,-6.2,-0.29999995,506.0,179.83965,33.956745,0.010806421,0.030220218,-0.18195778,-0.0491375,179.4802,33.255753
405,-5.8,-0.29999995,549.0,175.86295,33.048763,0.059167463,0.14653027,-0.14159976,-0.14623952,174.08057,30.123121
406,-5.4,-0.29999995,677.0,171.284,37.460865,0.082950026,-0.039891783,-0.090219796,-0.09091319,168.07323,38.706
407,-5.0,-0.29999995,737.0,166.56769,38.142643,-0.029442407,0.010991308,-0.07801077,-0.12420204,167.68256,37.865967
408,-4.6,-0.29999995,870.0,159.3906,40.255096,0.0319316,-0.065011054,-0.09820273,-0.07226167,158.04091,42.26768
409,-4.2,-0.29999995,981.0,152.23979,41.45873,-0.013549441,0.07121334,-0.050881132,-0.14037038,152.77538,39.51939
410,-3.8000002,-0.29999995,1079.0,144.5302,43.580387,-0.01799816,0.06527696,0.01367994,-0.14593521,145.28087,41.70402
411,-3.4,-0.29999995,1276.0,136.41759,45.694637,0.009879769,0.12671079,-0.031325594,-0.1537687,136.00186,42.08122
412,-2.9999995,-0.29999995,1391.0,122.621414,47.601547,0.102434695,0.09931939,0.07089214,-0.033583384,118.03429,44.780636
413,-2.5999997,-0.29999995,1566.0,115.203926,49.481647,-0.027739253,0.03738687,-0.011619316,-0.08224901,116.542114,48.240665
414,-2.1999998,-0.29999995,1638.0,99.48743,51.361008,-0.023708276,0.09196796,0.041058637,-0.025123797,100.6331,48.32721
415,-1.8000001,-0.29999995,1854.0,87.30245,54.806187,-0.033394072,0.022677954,0.025135836,-0.043015778,89.10503,53.976967
416,-1.4,-0.29999995,2096.0,71.06632,54.72712,0.04709452,0.019740151,0.05743699,0.02702804,68.521454,54.037228
417,-0.99999964,-0.29999995,2227.0,54.097103,57.794937,-0.008177154,0.009308974,0.07005362,0.048739355,54.566677,57.420086
418,-0.59999967,-0.29999995,2386.0,33.61474,59.896538,0.051243417,0.11568501,0.06126192,0.066236645,30.766167,55.589127
419,-0.19999993,-0.29999995,2453.0,8.690346,60.651382,0.039179325,0.062864974,0.00056632253,0.09514605,6.4115334,58.163662
420,0.20000029,-0.29999995,2439.0,-12.310379,61.475094,-0.058121692,-0.017387725,-0.024408167,0.038746025,-8.686313,62.353165
421,0.6000004,-0.29999995,2438.0,-34.32677,59.955605,-0.00082042825,-0.029423473,-0.035938896,0.062951624,-34.276527,61.243366
422,1.0,-0.29999995,2151.0,-54.355923,59.935665,-0.04200509,0.02972061,-0.072508015,0.052904762,-51.88754,58.76419
423,1.4000001,-0.29999995,1935.0,-74.78781,57.250614,0.0018711154,-0.019496627,-0.02217966,-0.012809151,-74.896355,58.05677
424,1.8000002,-0.29999995,1880.0,-89.61478,52.899185,-0.019060995,0.03635208,-0.06581657,-0.04422087,-88.63129,51.59859
425,2.2000003,-0.29999995,1685.0,-102.70962,51.576645,-0.09800018,0.029190656,-0.041153654,-0.07510976,-97.733284,50.778625
426,2.6000004,-0.29999995,1574.0,-113.56306,50.434284,0.0048845527,-0.12697391,0.003331139,-0.0019142187,-113.83497,55.681755
427,3.0,-0.29999995,1364.0,-125.42838,47.368134,-0.024047332,0.022030665,-0.010252172,-0.061785027,-124.30637,46.66006
428,3.4,-0.29999995,1209.0,-137.19719,46.11435,0.0074029407,-0.026451783,0.018022586,-0.122392215,-137.54504,47.003834
429,3.8000002,-0.29999995,1102.0,-144.16925,43.449955,0.009439835,-0.10435387,-0.00047625057,-0.07141735,-144.6135,47.063618
430,4.2000003,-0.29999995,961.0,-154.91916,40.833,-0.050490376,-0.03896969,0.029436866,-0.06763747,-152.79533,42.063927
431,4.6000004,-0.29999995,866.0,-161.54407,39.22596,0.020826716,0.04806469,0.13062838,-0.10954126,-162.3348,37.964893
432,5.0,-0.29999995,735.0,-166.68832,38.760433,0.03098451,0.033265665,0.11493586,-0.093668185,-167.86264,37.896667
433,5.4,-0.29999995,632.0,-172.26588,36.01405,0.09988413,0.14112957,0.1657398,-0.059371438,-175.56398,33.01952
434,5.8,-0.29999995,567.0,-174.58643,36.236446,-0.02118328,-0.04421297,0.13870576,-0.07449957,-173.79344,37.434586
435,6.2000003,-0.29999995,500.0,-182.11427,33.24019,0.06984827,-0.03569914,0.17466016,-0.010862082,-184.50314,34.200314
436,6.6000004,-0.29999995,427.0,-185.10542,32.838383,0.010177135,-0.08711172,0.14107645,-0.036657143,-185.46239,35.071095
437,7.0,-0.29999995,368.0,-188.84,30.087439,0.030426787,-0.05569525,0.14273,-0.028592682,-189.79424,31.363632
438,7.4,-0.29999995,314.0,-192.89072,29.71479,0.030263742,0.054535158,0.38957003,0.17915389,-193.75763,28.642912
439,7.8,-0.29999995,257.0,-193.86377,28.259193,-0.0010810242,-0.02454936,0.26258937,0.028391931,-193.83261,28.76337
440,-7.8,-0.23333329,389.0,193.70784,30.2272,-0.091260046,-0.12718561,-0.20664056,0.053657006,196.7695,33.547844
441,-7.4,-0.23333329,417.0,188.84654,31.032557,0.008086572,0.054106187,-0.2843847,-0.0781968,188.60466,29.910107
442,-7.0,-0.23333329,510.0,185.24673,34.744434,-0.007035392,-0.11563321,-0.13598248,-0.060426634,185.51395,37.99061
443,-6.6,-0.23333329,531.0,184.20732,34.422806,0.008209754,-0.082226016,-0.17862459,-0.029173376,183.9067,36.61899
444,-6.2,-0.23333329,644.0,177.66267,34.697662,-0.075106554,0.0117997695,-0.113241665,-0.08477458,180.25446,34.50751
445,-5.8,-0.23333329,776.0,172.99586,38.277615,0.03850335,-0.10763315,-0.14309247,-0.05905184,171.39375,41.608818
446,-5.4,-0.23333329,859.0,172.32481,36.418655,-0.024019688,0.023930728,-0.16239065,-0.092546456,173.18529,35.82836
447,-5.0,-0.23333329,949.0,166.10175,38.94041,0.046121884,-0.015656585,-0.105156146,-0.10198011,164.28346,39.421803
448,-4.6,-0.23333329,1133.0,158.60707,41.465534,-0.05568204,0.044513565,-0.095751606,-0.109967925,160.84969,40.278053
449,-4.2,-0.23333329,1200.0,151.58092,42.291885,0.01579908,-0.12421945,-0.020161815,-0.038965564,150.84482,46.588104
450,-3.8000002,-0.23333329,1395.0,144.80867,44.16911,-0.0139093185,0.03214279,-0.030444145,-0.1462606,145.40959,43.20225
451,-3.4,-0.23333329,1572.0,135.08672,46.629356,-0.02515623,-0.0048687197,0.012102187,-0.10729917,136.26407,46.805847
452,-2.9999995,-0.23333329,1707.0,126.39864,47.9266,0.011769931,0.06561093,0.0009393154,-0.08612874,125.85894,45.84981
453,-2.5999997,-0.23333329,1906.0,113.100784,50.001564,0.06781939,0.0021237796,0.052025374,-0.082775146,109.707,50.041515
454,-2.1999998,-0.23333329,2045.0,102.906906,51.83251,-0.020558424,0.03823402,0.004980441,-0.023081243,103.94506,50.49565
455,-1.8000001,-0.23333329,2218.0,87.047035,53.932682,0.02313766,0.123896144,0.10462544,-0.007787886,85.89553,49.761555
456,-1.4,-0.23333329,2546.0,72.59557,57.257164,-0.008331475,0.034035265,0.07047139,-0.008205546,73.06149,55.92897
457,-0.99999964,-0.23333329,2575.0,54.534,58.514374,-0.03415182,-0.023077296,0.04121882,0.023864148,56.56709,59.52903
458,-0.59999967,-0.23333329,2776.0,35.316185,60.09932,-0.008729422,-0.019625807,0.038774826,0.057038244,35.84828,60.95351
459,-0.19999993,-0.23333329,2922.0,11.621111,61.297153,-0.017329678,-0.10819079,0.0045485506,0.09786133,12.775549,66.61571
460,0.20000029,-0.23333329,2864.0,-12.375108,62.00525,0.06527113,0.10737331,-0.0033033811,0.10188833,-16.153059,57.88092
461,0.6000004,-0.23333329,2809.0,-34.68245,61.426212,-0.036396146,0.038535453,-0.0413306,0.12781927,-32.503918,59.85552
462,1.0,-0.23333329,2641.0,-54.62345,57.418316,0.027973015,-0.07345096,-0.069919,0.041613292,-56.32088,60.681522
463,1.4000001,-0.23333329,2547.0,-73.82426,55.488495,0.012089124,0.016883269,-0.032973655,0.027646499,-74.487236,54.841614
464,1.8000002,-0.23333329,2281.0,-89.39198,54.920647,-0.008559899,0.049337525,-0.051409613,-0.025800511,-88.937485,53.101208
465,2.2000003,-0.23333329,2164.0,-100.70862,50.76901,-0.008955255,0.03805793,-0.057728548,-0.0447052,-100.26569,49.45753
466,2.6000004,-0.23333329,1866.0,-113.84179,50.182537,-0.04473803,0.044293977,-0.06678787,-0.08931779,-111.66188,48.726776
467,3.0,-0.23333329,1691.0,-125.78028,48.448334,-0.045081265,0.105394095,-0.08081779,-0.096773475,-123.74088,45.23705
468,3.4,-0.23333329,1519.0,-136.64914,45.414906,0.023900043,0.059323207,0.016261928,-0.11186764,-137.69194,43.633766
469,3.8000002,-0.23333329,1379.0,-144.14262,44.523125,0.023953129,-0.049319357,0.020366812,-0.10529706,-145.24869,46.17643
470,4.2000003,-0.23333329,1234.0,-149.62274,42.487682,0.09346522,0.067305066,0.070790574,-0.12936026,-153.43263,40.762367
471,4.6000004,-0.23333329,1070.0,-159.37306,40.211235,-0.051377352,-0.04418916,0.06744174,-0.11616873,-157.23643,41.587902
472,5.0,-0.23333329,1032.0,-165.82378,39.054424,-0.06818841,0.117290296,0.14983122,-0.1196602,-163.35262,36.24167
473,5.4,-0.23333329,843.0,-167.79219,38.863293,0.06634408,0.01760592,0.10348788,-0.08085237,-170.34453,38.470623
474,5.8,-0.23333329,727.0,-176.87672,36.391266,-0.01965302,-0.08430807,0.15887626,-0.049211618,-176.11455,38.784447
475,6.2000003,-0.23333329,655.0,-180.27368,33.481018,-0.027240742,-0.040812355,0.17753372,-0.07105429,-179.33374,34.505062
476,6.6000004,-0.23333329,573.0,-185.95123,34.16687,-0.033220384,0.117785946,0.31725493,-0.016447106,-184.8998,31.648935
477,7.0,-0.23333329,492.0,-188.41245,31.51971,-0.116606824,0.18702446,0.30217484,-0.0054045664,-185.12619,28.182081
478,7.4,-0.23333329,436.0,-190.33078,32.250607,0.04977821,-0.040149257,0.24578741,0.00599368,-191.98593,33.25066
479,7.8,-0.23333329,368.0,-193.54214,30.451101,-0.017678982,-0.12376393,0.22088307,0.047529835,-192.94922,33.533073
480,-7.8,-0.16666658,449.0,191.26204,30.7634,0.011134316,0.013364008,-0.3172979,0.11763273,190.9228,30.478067
481,-7.4,-0.16666658,555.0,190.7965,29.962542,-0.04967532,0.011873273,-0.2933594,0.0685313,192.27435,29.750174
482,-7.0,-0.16666658,688.0,185.84369,34.181786,-0.01280431,-0.08503523,-0.20455831,-0.013855491,186.31041,36.44683
483,-6.6,-0.16666658,747.0,182.89452,34.964714,0.05135607,0.08082662,-0.25203207,-0.051499844,181.1915,33.161545
484,-6.2,-0.16666658,820.0,179.1741,36.60601,-0.008771408,-0.06479121,-0.162746,-0.042649753,179.51106,38.40933
485,-5.8,-0.16666658,954.0,174.20935,37.90258,-0.036812447,0.105899945,-0.18178324,-0.1074059,175.5112,35.369614
486,-5.4,-0.16666658,1003.0,171.11009,38.97167,0.060257778,0.07492673,-0.12117194,-0.12811682,168.87361,37.11807
487,-5.0,-0.16666658,1195.0,164.35103,40.40358,-0.10625506,-0.03145685,-0.068017714,-0.09807079,168.76909,41.57973
488,-4.6,-0.16666658,1295.0,157.44829,42.12848,-0.0058226967,-0.12679859,-0.05131369,-0.06696821,157.7191,46.504715
489,-4.2,-0.16666658,1438.0,149.15845,42.75795,-0.0769562,-0.07485289,-0.0012020442,-0.09050113,152.64989,45.368958
490,-3.8000002,-0.16666658,1574.0,142.959,45.17008,0.026295656,0.041332066,-0.045151863,-0.10172023,141.80412,43.91929
491,-3.4,-0.16666658,1872.0,134.74004,45.86934,-0.07243284,0.021822965,-0.0009430689,-0.13052112,138.02069,45.293007
492,-2.9999995,-0.16666658,2046.0,126.74962,48.864437,-0.042535953,0.12841505,0.040885177,-0.09285695,128.66327,44.987328
493,-2.5999997,-0.16666658,2166.0,112.79264,50.15361,-0.042442605,-0.08909768,0.06974423,-0.04943471,115.07184,53.702892
494,-2.1999998,-0.16666658,2437.0,101.27142,53.106403,-0.018508583,-0.018556878,0.012158925,-0.023671282,102.26769,53.82685
495,-1.8000001,-0.16666658,2658.0,86.65549,53.78239,-0.00090830727,0.010884424,0.074628375,-0.015204443,86.70388,53.373272
496,-1.4,-0.16666658,2860.0,70.985,56.113636,0.02912627,-0.09768683,0.04388497,-0.0054625287,69.223595,60.473812
497,-0.99999964,-0.16666658,3123.0,54.628345,56.374676,-0.0048219943,0.030713083,0.07847765,0.037465937,54.894512,55.189445
498,-0.59999967,-0.16666658,3223.0,34.16105,59.877495,-0.005834848,-0.0540903,0.06643092,0.08672725,34.52463,62.309185
499,-0.19999993,-0.16666658,3362.0,10.346429,60.993484,0.034639634,0.08271521,0.046477925,0.15689535,8.346268,57.742405
500,0.20000029,-0.16666658,3461.0,-12.977988,60.57113,-0.041499823,0.0048146877,-0.031021116,0.11235767,-10.470654,60.41764
501,0.6000004,-0.16666658,3205.0,-34.132713,59.740116,0.04382761,-0.022003058,-0.026020572,0.08130701,-36.79535,60.752052
502,1.0,-0.16666658,3061.0,-54.939434,58.323124,-0.019133078,-0.12490097,-0.032126494,0.06956001,-53.709393,64.28973
503,1.4000001,-0.16666658,2792.0,-74.30749,56.178173,0.047517154,-0.016557347,-0.05702592,-0.013388969,-77.011894,56.913467
504,1.8000002,-0.16666658,2637.0,-87.675995,53.486042,-0.074061565,0.06772307,-0.07908231,-0.018783754,-83.88231,51.223503
505,2.2000003,-0.16666658,2407.0,-101.48017,50.201694,-0.023054736,0.085106544,-0.086204804,-0.02216027,-100.38643,47.439735
506,2.6000004,-0.16666658,2189.0,-115.38135,49.07262,-0.0068367193,-0.014745791,-0.04298408,-0.06942195,-115.042336,49.593536
507,3.0,-0.16666658,2049.0,-125.47231,48.175247,0.08674549,0.0416818,-0.042985078,-0.10843754,-129.54778,46.982533
508,3.4,-0.16666658,1793.0,-132.9966,47.09774,-0.015608147,0.0017566807,-3.6551948e-05,-0.10931734,-132.26224,47.04529
509,3.8000002,-0.16666658,1645.0,-142.84813,44.64351,0.077444054,0.023459021,-0.0066467426,-0.11208177,-146.25935,44.049458
510,4.2000003,-0.16666658,1465.0,-151.57817,43.152077,0.07743004,0.007027734,0.055681106,-0.09073069,-154.91278,43.067623
511,4.6000004,-0.16666658,1318.0,-157.48685,42.94862,0.009752898,0.043210804,0.10275533,-0.11076577,-157.89336,41.696056
512,5.0,-0.16666658,1142.0,-166.52443,39.930187,0.055779878,0.048018325,0.11199707,-0.08868264,-168.68289,38.69588
513,5.4,-0.16666658,1017.0,-170.40149,38.12454,-0.045954302,0.0040658223,0.12327983,-0.08067385,-168.65291,38.054417
514,5.8,-0.16666658,883.0,-175.12143,36.968445,0.061452087,-0.106825024,0.11984138,-0.013699659,-177.59259,40.212467
515,6.2000003,-0.16666658,775.0,-177.16014,37.90129,-0.040719245,0.11416781,0.22214942,-0.115823776,-175.72711,35.1934
516,6.6000004,-0.16666658,749.0,-182.80437,34.23945,-0.037163,0.028526757,0.21294771,-0.08055579,-181.55591,33.59173
517,7.0,-0.16666658,651.0,-184.92606,35.64435,0.04508319,-0.031965982,0.23516764,0.007871885,-186.5724,36.51651
518,7.4,-0.16666658,577.0,-188.43028,33.089367,-0.08930227,-0.110259905,0.254464,0.00093494146,-185.19855,36.188053
519,7.8,-0.16666658,494.0,-191.23312,32.391586,0.018951459,-0.0718361,0.29227576,0.042733897,-191.8809,34.180782
520,-7.8,-0.09999992,601.0,190.05109,32.635117,-0.121919855,-0.048063044,-0.28952885,0.12436946,194.2058,34.077007
521,-7.4,-0.09999992,680.0,188.02924,35.100136,0.11355986,0.016191555,-0.34661278,-0.032998845,184.06319,34.925484
522,-7.0,-0.09999992,761.0,182.34755,36.668224,-0.064404435,-0.20661718,-0.11545409,0.04085837,185.16283,43.712784
523,-6.6,-0.09999992,809.0,181.67715,36.092815,0.17050602,0.0014330772,-0.23201413,-0.102532335,175.43834,36.59037
524,-6.2,-0.09999992,1018.0,177.86607,37.488125,-0.021352354,-0.14188935,-0.13728185,-0.0063000876,178.76169,41.941853
525,-5.8,-0.09999992,1107.0,170.49257,39.79702,-0.041032735,0.031233681,-0.15091528,-0.077839926,172.09187,38.978004
526,-5.4,-0.09999992,1194.0,167.91943,40.41194,-0.0150623815,0.010369136,-0.13670209,-0.092571326,168.5239,40.12258
527,-5.0,-0.09999992,1373.0,161.9967,41.109467,-0.077150874,0.04844536,-0.12385345,-0.11216665,165.07344,39.88205
528,-4.6,-0.09999992,1530.0,158.45134,42.266594,-0.02883323,0.022063369,-0.112378486,-0.0756921,159.65181,41.639492
529,-4.2,-0.09999992,1608.0,151.80537,42.866207,0.043736167,0.1226797,-0.054967925,-0.15445325,150.0731,39.60375
530,-3.8000002,-0.09999992,1897.0,141.47914,46.350124,0.04975965,-0.0155318305,0.0028610227,-0.111057185,139.14403,46.92719
531,-3.4,-0.09999992,2067.0,133.50916,47.188763,0.05355222,0.010310215,0.024294134,-0.11512409,130.99684,46.91465
532,-2.9999995,-0.09999992,2222.0,123.19314,49.047928,0.035515115,-0.0134726195,0.034164835,-0.099697195,121.43328,49.553925
533,-2.5999997,-0.09999992,2476.0,114.47953,50.72448,0.0021517216,0.0952051,0.062484767,-0.114674166,114.3771,47.619934
534,-2.1999998,-0.09999992,2666.0,101.98621,52.715565,0.011585795,0.024648573,0.044132695,-0.09799638,101.38572,51.8237
535,-1.8000001,-0.09999992,3010.0,87.05641,54.352047,0.020895422,-0.0088252975,0.08562485,-0.034823176,85.9133,54.70657
536,-1.4,-0.09999992,3146.0,70.46764,55.51684,-0.060495637,0.047466792,0.070269234,0.051688526,73.72446,53.834587
537,-0.99999964,-0.09999992,3289.0,52.83082,57.2042,-0.025033953,0.107175305,0.094672546,0.13034733,54.1657,53.321293
538,-0.59999967,-0.09999992,3559.0,34.299206,59.634544,0.01722483,-0.022012878,0.026046092,0.08748592,33.25547,60.594376
539,-0.19999993,-0.09999992,3770.0,13.190956,60.53582,-0.013423087,0.0790996,-0.0051417174,0.15778431,13.9616585,57.414543
540,0.20000029,-0.09999992,3824.0,-11.591198,62.49163,-0.036597826,-0.009602654,-0.040699996,0.09906394,-9.286902,62.96307
541,0.6000004,-0.09999992,3571.0,-36.164963,59.055145,0.00051235344,-0.061044402,-0.057971373,0.06560159,-36.19663,61.782143
542,1.0,-0.09999992,3351.0,-53.593014,58.67722,0.042800635,0.016976414,-0.10453102,0.0711468,-56.07705,58.037247
543,1.4000001,-0.09999992,3226.0,-68.847786,55.763718,0.04206666,0.03201677,-0.08897731,0.03429606,-71.14412,54.58892
544,1.8000002,-0.09999992,2982.0,-87.31175,54.904884,-0.030650176,0.060624618,-0.103211634,-0.008912239,-85.69601,52.7154
545,2.2000003,-0.09999992,2682.0,-102.5726,52.444744,-0.040696718,-0.010092358,-0.074804455,-0.052828256,-100.42117,52.867336
546,2.6000004,-0.09999992,2575.0,-112.81461,51.16899,0.032173526,-0.028364576,-0.030608414,-0.059839856,-114.495804,52.25541
547,3.0,-0.09999992,2267.0,-122.83066,47.978683,0.01263478,0.017442137,-0.042251036,-0.11894314,-123.42974,47.40084
548,3.4,-0.09999992,2006.0,-134.712,47.437336,-0.00023560034,-0.039237704,-0.0038616676,-0.086538665,-134.70052,48.81075
549,3.8000002,-0.09999992,1821.0,-142.7347,45.150055,-0.02949465,-0.020110242,0.007956623,-0.12897535,-141.38315,45.826233
550,4.2000003,-0.09999992,1560.0,-150.9732,43.57104,-0.026242942,-0.011058659,0.054235596,-0.10078772,-149.82031,43.931053
551,4.6000004,-0.09999992,1481.0,-155.94237,42.777313,0.024631238,0.047537517,0.05301349,-0.14228411,-156.96255,41.419853
552,5.0,-0.09999992,1357.0,-162.17317,41.773712,0.08173233,-0.06941965,0.072814815,-0.07140372,-165.78194,44.15196
553,5.4,-0.09999992,1212.0,-168.19325,40.727898,0.034947276,-0.003379756,0.13080245,-0.08772638,-169.62079,40.850834
554,5.8,-0.09999992,1061.0,-173.24373,39.815662,0.055762265,-0.02704559,0.1680882,-0.05696179,-175.51135,40.665535
555,6.2000003,-0.09999992,939.0,-174.97467,38.286137,-0.00555069,0.047370866,0.2123972,-0.036728196,-174.7689,37.06522
556,6.6000004,-0.09999992,854.0,-181.5832,34.871582,0.084137134,0.027506635,0.21340756,-0.032668006,-184.47153,34.33015
557,7.0,-0.09999992,783.0,-185.06024,36.121647,0.061599113,-0.016333168,0.27594152,0.06536142,-187.3159,36.616787
558,7.4,-0.09999992,687.0,-185.60367,35.880062,-0.03067358,-0.086910345,0.22041123,-0.039385706,-184.42795,38.33224
559,7.8,-0.09999992,610.0,-188.34459,32.281174,-0.024215382,0.035309367,0.2980258,0.02418467,-187.58162,31.512276
560,-7.8,-0.0333333,666.0,188.46815,35.351803,-0.0054867244,0.036064807,-0.40116534,0.10276915,188.6573,34.484314
561,-7.4,-0.0333333,731.0,182.67664,37.0411,0.069370836,-0.035790514,-0.24343449,-0.079166055,180.03275,38.112347
562,-7.0,-0.0333333,831.0,183.528,37.481037,0.037342966,-0.029321268,-0.27473995,-0.003790623,182.09714,38.31192
563,-6.6,-0.0333333,901.0,178.8228,38.56898,0.07785543,0.0827652,-0.24773881,-0.11296338,175.97406,36.591236
564,-6.2,-0.0333333,1033.0,175.53123,38.117622,-0.061976414,-0.027660303,-0.21683452,0.005093195,177.94608,38.963688
565,-5.8,-0.0333333,1126.0,171.75874,39.370487,-0.11121983,-0.07393185,-0.14483294,0.018407509,176.41846,41.89552
566,-5.4,-0.0333333,1335.0,167.81071,42.11853,-0.010503572,-0.033194773,-0.14486457,-0.092063926,168.26367,43.14677
567,-5.0,-0.0333333,1470.0,162.05334,42.317623,0.02095331,-0.02474568,-0.13773048,-0.0909149,161.1504,43.088
568,-4.6,-0.0333333,1589.0,156.33833,43.33101,-0.11208226,0.079992026,-0.08816755,-0.11101066,160.96771,41.30349
569,-4.2,-0.0333333,1750.0,150.49379,43.939255,-0.009187995,-0.04590782,-0.04096588,-0.10768958,150.91135,45.440834
570,-3.8000002,-0.0333333,1940.0,143.51314,45.766712,0.076732725,0.09662645,-0.008979856,-0.14138047,140.21065,43.03907
571,-3.4,-0.0333333,2259.0,133.40678,47.720726,-0.036302958,0.08598868,0.019807907,-0.14118347,135.0436,45.086018
572,-2.9999995,-0.0333333,2408.0,125.22325,49.358414,-0.0018135558,-0.009350869,0.03460225,-0.121064775,125.31338,49.688164
573,-2.5999997,-0.0333333,2643.0,111.76577,50.73573,-0.013325618,0.026327956,0.075073965,-0.0770304,112.42972,49.82094
574,-2.1999998,-0.0333333,2885.0,100.86049,51.90827,-0.016872782,-0.02127969,0.08525634,-0.07016524,101.75003,52.71491
575,-1.8000001,-0.0333333,3000.0,87.4186,54.434715,-0.025232358,-0.054674454,0.0730802,-0.01308373,88.849045,56.689083
576,-1.4,-0.0333333,3311.0,72.862206,55.596416,0.0157807,-0.098744296,0.07820601,0.044248268,71.916145,59.947502
577,-0.99999964,-0.0333333,3568.0,54.904144,56.23042,-0.005979138,-0.010843668,0.09861713,0.025203902,55.242947,56.66769
578,-0.59999967,-0.0333333,3888.0,35.01333,59.604294,-0.005604487,0.013179235,0.0770589,0.09904997,35.344315,59.057377
579,-0.19999993,-0.0333333,3996.0,12.74008,61.279125,-0.07791743,-0.05807882,0.00698558,0.12137235,17.74039,64.17475
580,0.20000029,-0.0333333,4003.0,-11.652356,62.1695,0.030902958,-0.0059493226,-0.0077062473,0.106296144,-13.582657,62.462772
581,0.6000004,-0.0333333,3886.0,-33.287014,59.395386,-0.01925135,0.0004831715,-0.050537903,0.07005705,-32.14373,59.386032
582,1.0,-0.0333333,3570.0,-53.52748,56.66242,-0.039158445,-0.017941618,-0.065868914,0.041619472,-51.278202,57.4405
583,1.4000001,-0.0333333,3313.0,-71.178444,55.685963,-0.060478944,0.0026222926,-0.09773021,0.029181164,-67.81066,55.68454
584,1.8000002,-0.0333333,3146.0,-86.08633,53.302277,-0.0046025263,-0.07147579,-0.082235105,-0.010993873,-85.82751,56.220154
585,2.2000003,-0.0333333,2841.0,-100.269646,52.65955,-0.032293037,-0.034916263,-0.05530486,-0.054940306,-98.52458,54.039433
586,2.6000004,-0.0333333,2639.0,-113.39036,51.49195,0.022843648,0.022101639,-0.054566253,-0.088661514,-114.54894,50.718334
587,3.0,-0.0333333,2411.0,-124.98538,48.6555,0.04940443,-0.029830234,-0.04630479,-0.11844654,-127.44465,49.779167
588,3.4,-0.0333333,2167.0,-132.99115,47.159203,0.040270783,-0.008767683,-0.019682372,-0.11784492,-134.90375,47.493443
589,3.8000002,-0.0333333,2008.0,-141.96535,45.859905,-0.052865878,0.030899035,-0.009484076,-0.14250126,-139.58888,44.95017
590,4.2000003,-0.0333333,1742.0,-148.73976,44.04441,0.047860995,0.055011418,0.06384433,-0.120845966,-150.77235,42.470516
591,4.6000004,-0.0333333,1602.0,-156.75398,43.638744,-0.06302433,-0.042793214,0.09153328,-0.09985093,-153.9103,45.11834
592,5.0,-0.0333333,1472.0,-160.58037,41.93624,-0.044360664,-0.027776923,0.08600273,-0.10540164,-158.68037,42.82889
593,5.4,-0.0333333,1295.0,-169.63701,41.450176,-0.024105491,0.016655171,0.18381779,-0.08534209,-168.64911,40.981964
594,5.8,-0.0333333,1120.0,-172.54465,39.58663,-0.06810481,-0.10771336,0.17126495,-0.03790039,-169.60837,43.114773
595,6.2000003,-0.0333333,1098.0,-179.36339,37.354534,0.024195332,0.017007602,0.24230276,-0.017273568,-180.25674,36.923866
596,6.6000004,-0.0333333,984.0,-179.40497,38.990158,-0.041400522,0.052753188,0.27984086,-0.07008178,-177.84644,37.64266
597,7.0,-0.0333333,794.0,-183.7886,36.700275,-0.12532613,-0.07433225,0.24259476,-0.06630838,-178.88307,39.141304
598,7.4,-0.0333333,757.0,-186.21797,35.816044,0.062430874,0.13984764,0.36098307,0.02831163,-188.26436,32.779663
599,7.8,-0.0333333,626.0,-190.7601,33.916546,-0.0031539816,-0.07198218,0.32673675,0.07653044,-190.64728,35.787006
600,-7.8,0.03333336,663.0,185.76604,36.93623,-0.017711915,-0.004055538,-0.34673193,0.038261984,186.42223,37.04859
601,-7.4,0.03333336,710.0,184.38206,36.740486,-0.060065933,0.14920212,-0.424521,0.10046404,186.39055,33.436214
602,-7.0,0.03333336,876.0,182.60252,37.14672,-0.017348448,0.07583297,-0.3771767,0.10443546,183.21509,35.306507
603,-6.6,0.03333336,908.0,182.30132,36.891735,-0.044994816,0.054462243,-0.31305274,0.09242596,183.90228,35.581596
604,-6.2,0.03333336,1039.0,177.10445,37.86489,0.0036657464,0.030718477,-0.2591773,0.022743495,176.96835,37.06942
605,-5.8,0.03333336,1130.0,173.64334,40.22896,-0.054479778,0.024267312,-0.18213871,-0.03853885,175.80145,39.61222
606,-5.4,0.03333336,1276.0,168.11298,41.214165,-0.043469757,0.006044027,-0.16461816,-0.043991305,169.89845,41.078167
607,-5.0,0.03333336,1414.0,163.26743,42.414276,0.03669742,-0.04050443,-0.115089566,-0.07623547,161.66315,43.715393
608,-4.6,0.03333336,1594.0,156.65076,43.889866,-0.08035399,-0.05151323,-0.066323645,-0.068044916,160.32619,45.741558
609,-4.2,0.03333336,1814.0,149.40317,43.788868,-0.08803982,0.0062821563,-0.03239872,-0.121937566,153.2562,43.76376
610,-3.8000002,0.03333336,2009.0,142.81424,46.679256,0.06865398,-0.12801044,-0.007003131,-0.050429415,139.26266,51.730404
611,-3.4,0.03333336,2110.0,134.22966,46.934338,0.06687434,-0.027841534,0.001696081,-0.10021141,131.0198,47.998394
612,-2.9999995,0.03333336,2415.0,122.69488,49.092487,-0.0063383426,-0.057091784,0.04403263,-0.07809616,123.019485,51.204224
613,-2.5999997,0.03333336,2672.0,112.21781,50.749607,0.02527703,-0.024343008,0.08373041,-0.09730302,110.91191,51.663464
614,-2.1999998,0.03333336,2851.0,100.58305,52.910957,0.0052569318,-0.023886768,0.08655616,-0.05568608,100.300095,53.82858
615,-1.8000001,0.03333336,3098.0,87.59828,53.89113,0.0242763,0.12779717,0.09850355,-0.009774667,86.39391,49.60782
616,-1.4,0.03333336,3328.0,70.59771,56.394424,0.017526304,0.02740405,0.08363443,0.030315494,69.62775,55.34065
617,-0.99999964,0.03333336,3659.0,53.871616,58.137253,-0.018048836,-0.026722746,0.063141756,0.04738203,54.94159,59.278038
618,-0.59999967,0.03333336,3804.0,34.897835,58.21969,0.051741336,-0.0383785,0.035196934,0.08896194,31.795826,59.95187
619,-0.19999993,0.03333336,3980.0,12.287897,60.323948,-0.0018137088,-0.012093448,0.027757803,0.09885837,12.398266,60.846626
620,0.20000029,0.03333336,4064.0,-13.186369,61.405106,0.034362987,-0.021371825,-0.027293332,0.09015613,-15.330385,62.392616
621,0.6000004,0.03333336,3778.0,-34.993813,60.152054,0.057152472,-0.053667817,-0.046109304,0.07036453,-38.576424,62.684395
622,1.0,0.03333336,3675.0,-55.50226,57.689392,-0.038773827,0.07061469,-0.089009866,0.088453025,-53.367863,55.045803
623,1.4000001,0.03333336,3308.0,-71.43067,56.502396,0.04064509,-0.035555545,-0.058789205,0.0014610316,-73.78937,58.029293
624,1.8000002,0.03333336,3157.0,-88.126656,53.968216,-0.0053056646,0.029594084,-0.08314231,-0.03830345,-87.84606,52.874016
625,2.2000003,0.03333336,2879.0,-101.28526,52.368744,-0.022004195,-0.045470804,-0.051923357,-0.052758325,-100.09373,54.15238
626,2.6000004,0.03333336,2606.0,-111.91094,50.61241,-0.022286499,-0.12055845,-0.055928696,-0.043555297,-110.67209,55.58764
627,3.0,0.03333336,2482.0,-123.484276,49.422535,0.024808368,-0.121190734,-0.014866406,-0.030773984,-124.83172,54.314045
628,3.4,0.03333336,2169.0,-132.7193,47.59491,-0.0073212804,-0.03114926,-0.015956443,-0.10826356,-132.3628,48.681004
629,3.8000002,0.03333336,1958.0,-143.09592,45.999237,0.087128565,0.11229488,0.04243507,-0.15593287,-146.83119,42.8722
630,4.2000003,0.03333336,1818.0,-149.96425,44.512596,-0.05975826,-0.09001408,0.047429755,-0.08254768,-147.11108,47.746128
631,4.6000004,0.03333336,1599.0,-157.24634,44.169884,-0.006537386,-0.0074697705,0.098014146,-0.103335634,-156.95612,44.40601
632,5.0,0.03333336,1490.0,-161.8891,41.548565,-0.00014167017,-0.067435384,0.09130789,-0.074028574,-161.88292,43.683617
633,5.4,0.03333336,1299.0,-166.92249,40.57964,0.026985154,0.06843426,0.16859035,-0.096355624,-167.96844,38.760605
634,5.8,0.03333336,1134.0,-172.54633,39.95967,0.11077601,0.04042043,0.20629773,-0.0015167067,-176.87674,39.09197
635,6.2000003,0.03333336,1096.0,-177.71634,37.797775,-0.028603818,0.004366751,0.21729666,-0.05443388,-176.63806,37.697044
636,6.6000004,0.03333336,967.0,-179.11629,39.15225,0.04365279,-0.1091697,0.1791462,0.0012424681,-180.97704,42.624405
637,7.0,0.03333336,874.0,-183.59033,36.49556,-0.007957663,0.15393783,0.40146774,0.094944425,-183.32721,33.07328
638,7.4,0.03333336,721.0,-185.50325,36.33234,0.08044401,-0.021544036,0.29438365,0.08271533,-188.48149,37.022522
639,7.8,0.03333336,642.0,-186.26836,36.749733,-0.06959807,0.029586582,0.39299405,0.04778334,-183.75667,36.088394
640,-7.8,0.10000008,577.0,188.55792,34.743256,-0.0029519473,-0.006292356,-0.32210052,0.017724322,188.66089,34.89962
641,-7.4,0.10000008,689.0,185.98305,35.603172,0.00020953568,-0.029007612,-0.29101008,0.07967501,185.97539,36.356888
642,-7.0,0.10000008,775.0,184.85114,35.252216,0.08895537,0.030997574,-0.3350286,0.023323216,181.76996,34.636345
643,-6.6,0.10000008,857.0,181.81743,36.33175,-0.11891439,0.19140798,-0.4372392,0.17477366,185.67154,32.411243
644,-6.2,0.10000008,989.0,177.02504,38.514076,0.044246078,0.05800949,-0.22837037,-0.09192877,175.38531,37.05856
645,-5.8,0.10000008,1068.0,171.99315,38.998497,-0.005641763,-0.073770896,-0.14325035,-0.06329662,172.22539,41.209236
646,-5.4,0.10000008,1228.0,168.85413,40.10555,0.022376241,0.019858668,-0.15596245,-0.084218614,167.9689,39.56334
647,-5.0,0.10000008,1338.0,163.0567,42.31571,0.044243086,-0.034428917,-0.11373007,-0.103192165,161.13527,43.42942
648,-4.6,0.10000008,1509.0,158.83258,42.83551,-0.052401904,-0.08949959,-0.07900811,-0.0549315,161.23808,45.90727
649,-4.2,0.10000008,1647.0,149.7087,44.749825,0.05917324,-0.07736973,-0.0551738,-0.08937517,146.89722,47.512737
650,-3.8000002,0.10000008,1859.0,143.42307,45.702118,0.0086437855,-0.019185962,-0.014624685,-0.106518604,143.02261,46.336823
651,-3.4,0.10000008,2039.0,133.37753,47.33264,0.06397503,0.039187804,0.03204434,-0.12327893,130.42427,46.162704
652,-2.9999995,0.10000008,2202.0,125.17717,48.514214,0.040963925,0.2114402,0.031261098,-0.107785404,123.43233,42.593544
653,-2.5999997,0.10000008,2555.0,114.753975,50.201458,-0.05651935,-0.00945788,0.043348417,-0.07762667,117.61526,50.62239
654,-2.1999998,0.10000008,2741.0,101.60221,52.46998,0.04834193,0.027937882,0.07174403,-0.060915932,99.11173,51.520805
655,-1.8000001,0.10000008,2914.0,85.97522,53.494743,-0.041256562,-0.03331814,0.07445519,0.003345028,88.23825,54.85021
656,-1.4,0.10000008,3201.0,73.190605,55.95941,0.0004755376,-0.029073149,0.06414846,0.021125365,73.1634,57.146603
657,-0.99999964,0.10000008,3344.0,53.81473,57.640236,-0.060531918,-0.038558763,0.08250827,0.013713627,57.409973,59.39436
658,-0.59999967,0.10000008,3643.0,35.27951,59.707195,-0.04466791,-0.0045521124,0.046845675,0.04646753,37.957817,59.96052
659,-0.19999993,0.10000008,3743.0,11.379382,63.332806,0.0073178676,0.036427353,0.00044876893,0.102272995,10.927406,61.76345
660,0.20000029,0.10000008,3796.0,-11.129532,61.7493,0.025379617,0.050345592,-0.0036109535,0.1397893,-12.644177,59.679768
661,0.6000004,0.10000008,3570.0,-34.541145,59.641167,0.012449924,0.0041810516,-0.042222694,0.0905261,-35.28153,59.470257
662,1.0,0.10000008,3398.0,-53.53938,57.591824,0.0006268311,0.033690423,-0.052236825,0.064534955,-53.57469,56.266937
663,1.4000001,0.10000008,3088.0,-71.703125,55.3319,0.024638038,0.03912593,-0.08534949,0.007089223,-73.03056,53.877396
664,1.8000002,0.10000008,2985.0,-87.506134,54.30514,-0.01775405,0.03996769,-0.10602434,-0.02914549,-86.56795,52.84057
665,2.2000003,0.10000008,2665.0,-99.97797,52.481686,0.08238919,0.057456188,-0.019000145,-0.026913038,-104.14947,50.630344
666,2.6000004,0.10000008,2544.0,-114.18903,50.687653,0.07215142,-0.13263048,-0.058540765,-0.040922318,-118.25962,56.41605
667,3.0,0.10000008,2298.0,-124.91478,49.208313,-0.038381282,-0.020535715,-0.020925818,-0.114146374,-122.99662,49.976765
668,3.4,0.10000008,2007.0,-133.46461,46.80749,0.027720058,-0.014029843,-0.009315207,-0.13184617,-134.77567,47.29764
669,3.8000002,0.10000008,1844.0,-143.59492,45.415768,-0.0026010384,0.078549586,0.016785026,-0.13728485,-143.48279,43.08632
670,4.2000003,0.10000008,1667.0,-150.57976,44.133564,0.0107267285,0.027607197,0.044717904,-0.12264402,-151.04419,43.299408
671,4.6000004,0.10000008,1432.0,-156.64008,42.880898,-0.0131336395,0.06673903,0.10420803,-0.15472738,-156.10164,40.9935
672,5.0,0.10000008,1351.0,-164.0041,41.694645,-0.00024450952,-0.052240305,0.09292967,-0.08660606,-163.99364,43.325314
673,5.4,0.10000008,1222.0,-168.5232,40.647614,0.066765465,0.038836382,0.12566133,-0.09676219,-171.17107,39.659466
674,5.8,0.10000008,1041.0,-173.1549,40.02902,-0.052501064,-0.06905373,0.15517147,-0.060197268,-170.939,42.204525
675,6.2000003,0.10000008,956.0,-175.21301,38.91748,0.0042000473,-0.07032821,0.17490368,-0.048155837,-175.38527,41.010475
676,6.6000004,0.10000008,812.0,-180.22696,36.122704,-0.0042689764,-0.05503961,0.16486135,-0.050045528,-180.0665,37.61604
677,7.0,0.10000008,756.0,-185.17766,35.98703,-0.024056427,0.039692722,0.3391357,0.027242612,-184.33504,35.02734
678,7.4,0.10000008,686.0,-185.14226,35.627796,0.0016097903,0.019445544,0.2899195,-0.02251914,-185.19896,35.14719
679,7.8,0.10000008,565.0,-189.71408,33.81741,-0.06811829,-0.011350821,0.30095014,-0.0032339212,-187.38632,34.172585
680,-7.8,0.16666675,502.0,190.54062,31.512894,0.09742462,0.1365069,-0.32184908,-0.08037864,187.7185,28.966528
681,-7.4,0.16666675,598.0,190.10867,32.59673,-0.115618795,0.18507035,-0.47633865,0.2392399,193.48177,29.175018
682,-7.0,0.16666675,632.0,184.03877,36.02603,-0.0067133224,-0.15485828,-0.16823249,0.0023503234,184.31252,40.766075
683,-6.6,0.16666675,743.0,183.56458,34.814014,0.03249068,-0.067528315,-0.22163978,-0.015115334,182.37462,36.626442
684,-6.2,0.16666675,769.0,179.47232,36.04866,-0.10608101,-0.088544674,-0.15831505,0.025429863,183.5875,38.79297
685,-5.8,0.16666675,923.0,173.36716,37.585373,-0.022316147,-0.008986298,-0.1598326,-0.081894904,174.21149,37.836178
686,-5.4,0.16666675,1047.0,170.19685,39.82339,0.04797977,-0.014706005,-0.12012144,-0.0874317,168.26363,40.291878
687,-5.0,0.16666675,1173.0,164.23854,41.161602,0.010778588,-0.06708387,-0.100014456,-0.07148903,163.77235,43.26728
688,-4.6,0.16666675,1245.0,156.51595,42.757263,0.0008074523,0.020773591,-0.067581564,-0.13880482,156.48193,42.14285
689,-4.2,0.16666675,1517.0,151.8446,43.391296,-0.032598466,0.09104959,-0.05438835,-0.1346871,153.17668,40.860157
690,-3.8000002,0.16666675,1581.0,145.35243,45.43834,0.006304849,-0.0433831,-0.05514631,-0.086062066,145.0568,46.900578
691,-3.4,0.16666675,1875.0,134.46635,46.627094,0.014848579,-0.057011496,0.0046895645,-0.078907244,133.7441,48.63495
692,-2.9999995,0.16666675,2044.0,124.539406,48.678562,0.00637846,-0.11143497,0.03173482,-0.055691045,124.201,53.038292
693,-2.5999997,0.16666675,2224.0,112.68218,50.029804,0.05964892,0.16476274,0.12833367,-0.081140816,109.990814,45.120476
694,-2.1999998,0.16666675,2461.0,102.36303,51.982136,-0.01862616,-0.04914647,0.02955888,-0.035750963,103.36703,53.898556
695,-1.8000001,0.16666675,2585.0,88.308815,54.5199,-0.0046421094,-0.009993186,0.046843927,-0.033848133,88.563644,54.90998
696,-1.4,0.16666675,2861.0,72.081894,54.93443,-0.022826996,0.029462501,0.07815362,0.0054885657,73.31093,53.838066
697,-0.99999964,0.16666675,3043.0,55.755817,57.197838,0.04464809,-0.02288338,0.03760742,0.03614429,53.157124,58.206276
698,-0.59999967,0.16666675,3191.0,35.599228,60.011345,0.01585694,0.0045851558,0.0157581,0.08129046,34.650597,59.825184
699,-0.19999993,0.16666675,3457.0,11.438172,61.110046,0.011535327,-0.06385025,0.008943976,0.096215025,10.699031,64.07586
700,0.20000029,0.16666675,3409.0,-11.099453,61.321926,0.024580939,0.0019148156,-0.0055214446,0.11553348,-12.605211,61.257492
701,0.6000004,0.16666675,3214.0,-35.21158,59.477123,-0.049159903,-0.013100632,-0.024338055,0.08419686,-32.25657,60.10996
702,1.0,0.16666675,3044.0,-53.071014,56.944492,0.023272403,-0.05040797,-0.05797713,0.03460471,-54.44669,59.10674
703,1.4000001,0.16666675,2793.0,-72.83979,55.288506,-0.023380939,-0.034369156,-0.09115863,0.05198885,-71.514175,56.699425
704,1.8000002,0.16666675,2743.0,-87.526474,53.18291,0.018242018,-0.053933635,-0.06384901,-0.03660614,-88.53612,55.345135
705,2.2000003,0.16666675,2351.0,-101.17871,51.905537,-0.056293488,0.0010743232,-0.05589474,-0.018568791,-98.254456,51.948246
706,2.6000004,0.16666675,2269.0,-114.28773,50.25073,0.045952793,-0.022787327,-0.060048554,-0.09697194,-116.637665,51.136097
707,3.0,0.16666675,1960.0,-123.423,48.47978,-0.0074593853,0.07981728,-0.02149594,-0.10102673,-123.080154,45.956715
708,3.4,0.16666675,1870.0,-133.83394,45.554955,0.034104437,-0.048322544,-0.021556554,-0.1045051,-135.44463,47.22547
709,3.8000002,0.16666675,1601.0,-141.96223,45.809494,-0.04696669,0.07006172,0.0037792593,-0.1416548,-139.90791,43.739918
710,4.2000003,0.16666675,1495.0,-149.3496,42.922462,-0.010063483,0.02360215,0.011271361,-0.1270753,-148.92464,42.225613
711,4.6000004,0.16666675,1271.0,-158.54834,41.6823,0.0018392797,-0.03149908,0.06868208,-0.09772589,-158.62672,42.643116
712,5.0,0.16666675,1181.0,-163.74321,39.979095,-0.034642532,-0.028540287,0.09030926,-0.113277666,-162.32867,40.83637
713,5.4,0.16666675,1069.0,-169.20552,38.866558,-0.049099848,-0.021027695,0.12217158,-0.085647814,-167.26591,39.50624
714,5.8,0.16666675,914.0,-177.07736,37.29677,0.04518568,-0.033397246,0.16434374,-0.04513391,-178.80576,38.25054
715,6.2000003,0.16666675,833.0,-178.97551,36.247387,0.05078503,-0.048939403,0.17780809,-0.00946495,-180.88611,37.62339
716,6.6000004,0.16666675,697.0,-181.91579,35.333675,-0.0030242924,0.04599983,0.23000704,-0.055240486,-181.8123,34.237873
717,7.0,0.16666675,638.0,-185.456,34.9923,-0.121597365,-0.022244474,0.26246655,-0.0902192,-181.09908,35.83074
718,7.4,0.16666675,531.0,-189.12685,32.917984,0.051776238,-0.06347589,0.23846623,0.021237738,-190.91595,34.55342
719,7.8,0.16666675,542.0,-191.64833,30.451164,0.08559237,0.20118639,0.46321258,0.16617343,-193.95467,26.944527
720,-7.8,0.23333341,378.0,194.16377,29.628296,0.032588635,-0.010131386,-0.2829677,-0.03277079,193.19069,29.859129
721,-7.4,0.23333341,421.0,191.00014,30.053337,-0.0065673734,0.09683702,-0.3313859,0.062145017,191.18521,28.186113
722,-7.0,0.23333341,526.0,187.3222,32.287407,0.074824445,0.103252955,-0.2784637,-0.013163398,185.06001,30.23405
723,-6.6,0.23333341,577.0,183.3351,34.97365,0.07643356,-0.108363,-0.1793364,-0.028434174,180.42,38.138794
724,-6.2,0.23333341,631.0,180.05373,35.27841,0.15215932,-0.025072487,-0.13957937,-0.11166324,174.52136,36.359566
725,-5.8,0.23333341,756.0,178.07965,35.99775,0.0087783355,0.053452406,-0.15881811,-0.064063564,177.77493,34.710926
726,-5.4,0.23333341,877.0,170.42126,38.92882,0.036586292,0.21783212,-0.23058067,-0.08935862,169.17542,34.054676
727,-5.0,0.23333341,943.0,165.68614,38.41018,0.1148657,0.021291155,-0.0815816,-0.091145135,161.31084,38.08979
728,-4.6,0.23333341,1067.0,158.74225,40.092422,-0.0073761567,0.037412073,-0.049268026,-0.11393277,159.03033,39.073605
729,-4.2,0.23333341,1138.0,152.72957,41.918938,-0.0057989783,-0.024405891,-0.063485235,-0.09876921,152.97688,42.66276
730,-3.8000002,0.23333341,1385.0,142.41406,44.359394,0.07589846,0.037896425,-0.01358983,-0.10888323,139.12505,43.33495
731,-3.4,0.23333341,1595.0,134.83917,46.618526,-0.0021918623,0.07405859,-0.03395027,-0.09073351,134.93637,44.353878
732,-2.9999995,0.23333341,1712.0,124.59549,47.73465,-0.056552097,-0.13860476,0.032522503,-0.03509746,127.61209,53.34277
733,-2.5999997,0.23333341,1873.0,115.43114,50.640804,-0.019640267,-0.0015056962,0.03913563,-0.06893786,116.42701,50.704475
734,-2.1999998,0.23333341,2033.0,101.280685,50.02683,0.023104247,0.027783118,0.08438868,-0.03468764,100.1467,49.084503
735,-1.8000001,0.23333341,2301.0,87.86741,53.83053,-0.014799886,-0.05078021,0.06170298,-0.012597742,88.69444,55.88077
736,-1.4,0.23333341,2429.0,72.88269,55.723633,0.01867332,0.056560397,0.059915815,0.026411768,71.8814,53.628864
737,-0.99999964,0.23333341,2584.0,54.984188,57.44898,0.0656941,0.01259921,0.047015715,0.053212047,51.23531,57.065056
738,-0.59999967,0.23333341,2854.0,32.914318,60.465546,-0.0049226284,-0.05137427,0.031411972,0.06814025,33.223415,62.7903
739,-0.19999993,0.23333341,2931.0,12.866249,61.95548,-0.0072582765,-0.015252228,0.012846016,0.07327399,13.320882,62.636406
740,0.20000029,0.23333341,2956.0,-9.96554,60.584515,-0.0009921947,-0.029019034,0.009146166,0.09926323,-9.904152,61.867374
741,0.6000004,0.23333341,2790.0,-34.43119,61.236996,0.050068095,0.02620396,-0.06360054,0.10934343,-37.445538,60.2057
742,1.0,0.23333341,2604.0,-54.357418,57.670464,0.035064075,0.11532069,-0.10479315,0.052703135,-56.233437,53.502846
743,1.4000001,0.23333341,2485.0,-72.02783,55.753338,-0.053544577,-0.033091176,-0.055412687,0.009946705,-68.965416,57.19177
744,1.8000002,0.23333341,2252.0,-89.54614,53.903866,-0.019734172,-0.055163313,-0.029390914,-0.022064492,-88.437965,56.150246
745,2.2000003,0.23333341,2055.0,-101.613495,51.5778,-0.048878293,0.036738817,-0.045762543,-0.054668453,-99.1527,50.345116
746,2.6000004,0.23333341,1771.0,-112.45881,50.475628,-0.019854654,-0.08131497,-0.01904023,-0.045712367,-111.39323,53.666893
747,3.0,0.23333341,1757.0,-125.12182,47.0148,0.023542069,-0.12470372,-0.012451004,-0.04146982,-126.34174,51.822056
748,3.4,0.23333341,1596.0,-135.91742,46.09052,0.02574302,0.06229633,0.020527342,-0.07926743,-137.0551,44.19901
749,3.8000002,0.23333341,1340.0,-144.09023,45.022522,-0.041330956,-0.011700092,0.018502507,-0.084914595,-142.21217,45.43931
750,4.2000003,0.23333341,1231.0,-152.42827,42.54003,0.081888795,0.01963706,0.06027292,-0.07350696,-155.8757,42.099064
751,4.6000004,0.23333341,1089.0,-161.03822,40.776833,0.015184394,-0.06409364,0.032937676,-0.08180371,-161.68745,42.766747
752,5.0,0.23333341,944.0,-166.21767,39.2918,-0.06916467,-0.0730595,0.10820692,-0.07047622,-163.34004,41.60502
753,5.4,0.23333341,813.0,-170.64076,37.340992,0.085907236,0.25370708,0.21497972,-0.07812005,-173.40022,32.121044
754,5.8,0.23333341,774.0,-173.16061,36.265244,-0.029511003,0.036959164,0.1706678,-0.08224161,-172.11682,35.367954
755,6.2000003,0.23333341,634.0,-180.6585,34.94066,0.04203803,0.22119434,0.2575874,-0.028283987,-181.94125,30.515844
756,6.6000004,0.23333341,573.0,-185.4479,33.089485,-0.022242099,-0.1039987,0.16430962,-0.016225427,-184.65086,35.838966
757,7.0,0.23333341,531.0,-188.15326,32.52553,-0.0069972323,-0.074999854,0.21223025,-0.010691261,-187.91252,34.401936
758,7.4,0.23333341,443.0,-188.17606,32.607574,-0.053151194,0.13810267,0.3543083,0.01913002,-186.5889,29.86051
759,7.8,0.23333341,362.0,-192.86896,32.33045,-0.05649857,-0.0065238266,0.31145322,-0.038891543,-191.0308,32.533512
760,-7.8,0.30000007,266.0,195.09846,26.940472,-0.0038852275,-0.12675352,-0.21232857,0.01963679,195.214,29.737476
761,-7.4,0.30000007,314.0,191.33334,28.769762,-0.039847575,-0.010332975,-0.33365154,0.1400138,192.48914,29.005602
762,-7.0,0.30000007,358.0,190.90898,31.121548,-0.10480816,0.0757217,-0.27963594,-0.01348207,194.0245,29.725815
763,-6.6,0.30000007,427.0,183.12221,32.91389,0.0634236,0.032427534,-0.19812186,-0.057975814,181.07709,32.2461
764,-6.2,0.30000007,491.0,180.0717,34.926456,0.056325737,-0.03330149,-0.2022188,-0.06332446,178.05302,35.838852
765,-5.8,0.30000007,554.0,178.60608,34.43787,-0.0072723785,-0.0731333,-0.16982383,-0.037941366,178.8706,36.371025
766,-5.4,0.30000007,590.0,170.28386,37.173737,-0.03298578,-0.008826773,-0.10057976,-0.094911575,171.51843,37.428925
767,-5.0,0.30000007,745.0,167.43282,38.990284,0.0602025,0.033000816,-0.14173506,-0.09317392,165.1344,38.177174
768,-4.6,0.30000007,818.0,160.19122,39.757126,-0.0506616,-0.030879058,-0.07990499,-0.0623646,162.25359,40.709545
769,-4.2,0.30000007,978.0,152.67769,42.99039,-0.062311355,0.079627365,-0.053789426,-0.113402106,155.22166,40.828518
770,-3.8000002,0.30000007,1069.0,142.50447,43.535255,0.09232072,-0.080819994,-0.035467587,-0.07609297,138.21309,46.483345
771,-3.4,0.30000007,1255.0,138.37737,46.362343,0.0139987245,-0.02144651,-0.0040715165,-0.10663939,137.71832,47.08604
772,-2.9999995,0.30000007,1408.0,126.43374,47.404922,-0.057798278,-0.010933525,0.020430656,-0.0809878,129.19983,47.856663
773,-2.5999997,0.30000007,1536.0,114.16903,50.524998,-0.011535924,-0.027884565,0.023210015,-0.016834835,114.76385,51.55507
774,-2.1999998,0.30000007,1753.0,100.36278,53.041542,-0.033622827,0.051500164,0.027068678,-0.03956227,102.085495,51.23655
775,-1.8000001,0.30000007,1899.0,87.06415,54.061306,-0.041207038,0.027349511,0.037784252,-0.0062346305,89.25167,53.088764
776,-1.4,0.30000007,1971.0,70.15482,55.881226,0.006808024,0.056641236,0.05516689,-0.00734414,69.78877,53.770283
777,-0.99999964,0.30000007,2131.0,54.82252,57.368862,0.00473645,-0.047581095,0.030000554,0.035268575,54.541176,59.40295
778,-0.59999967,0.30000007,2282.0,35.519825,59.093376,0.0015276304,0.00058516685,-0.010110243,0.1379018,35.42962,59.068928
779,-0.19999993,0.30000007,2382.0,11.972556,60.56231,0.050285142,-0.03313564,-0.009055138,0.09381452,8.849054,62.11573
780,0.20000029,0.30000007,2308.0,-10.882478,62.15131,-0.004399545,0.09135633,0.0012353563,0.1394717,-10.625157,58.4883
781,0.6000004,0.30000007,2320.0,-33.63314,60.56539,-0.0033276232,0.1127016,1.6290132e-05,0.13356858,-33.44595,56.248764
782,1.0,0.30000007,2219.0,-54.133244,58.349434,0.0028448533,-0.012681523,-0.057866976,0.05975727,-54.300777,58.880024
783,1.4000001,0.30000007,2094.0,-73.911896,55.075256,-0.018619662,-0.0015016079,-0.056775495,-5.781638e-05,-72.885216,55.143394
784,1.8000002,0.30000007,1912.0,-86.78868,51.97232,0.02962238,-0.05506625,-0.07291529,-0.0052398285,-88.392746,54.147957
785,2.2000003,0.30000007,1665.0,-103.09277,51.81777,0.011601477,-0.034231164,-0.02217715,-0.01751296,-103.709045,53.12335
786,2.6000004,0.30000007,1551.0,-114.67498,50.618576,-0.008398609,-0.051019646,-0.02710575,-0.061196156,-114.233505,52.552235
787,3.0,0.30000007,1367.0,-124.68651,47.850098,-0.016762512,0.018293925,-0.021394704,-0.06904458,-123.89455,47.249176
788,3.4,0.30000007,1261.0,-135.4452,46.302757,-0.061608516,-0.00483319,0.018696688,-0.06334524,-132.57709,46.551544
789,3.8000002,0.30000007,1090.0,-143.25998,43.077644,-0.022291226,-0.07145674,0.012452815,-0.08970027,-142.24677,45.44755
790,4.2000003,0.30000007,948.0,-151.42595,41.562195,-0.023831854,0.04340805,0.061509218,-0.08962522,-150.46422,40.353336
791,4.6000004,0.30000007,816.0,-159.55708,40.70972,0.033919357,-0.068005204,0.07399834,-0.062651254,-161.01047,42.84797
792,5.0,0.30000007,764.0,-167.68709,39.284073,0.0040079127,0.027957607,0.06872024,-0.16277973,-167.84155,38.53006
793,5.4,0.30000007,628.0,-169.0731,35.53341,-0.024460323,-0.08330481,0.12210985,-0.03071719,-168.14735,37.84485
794,5.8,0.30000007,567.0,-178.46768,35.74276,0.02608453,-0.14105581,0.11275523,-0.027707575,-179.5102,39.96564
795,6.2000003,0.30000007,515.0,-180.15793,34.879704,0.03258715,-0.027959293,0.19123608,-0.034715623,-181.31842,35.60961
796,6.6000004,0.30000007,416.0,-182.00363,34.18533,0.005484938,0.3227243,0.37481356,-0.024619266,-182.15898,28.32742
797,7.0,0.30000007,368.0,-188.31921,32.094646,-0.060259935,0.0064937337,0.2143134,-0.031968176,-186.39055,32.00585
798,7.4,0.30000007,304.0,-190.98474,30.086334,-0.09733275,-0.07599098,0.1857369,-0.07995363,-187.86847,32.016582
799,7.8,0.30000007,292.0,-195.4001,28.68716,-0.18110749,0.15147527,0.40653554,0.069393866,-190.62007,26.39305
800,-7.8,0.36666673,200.0,197.08107,26.797344,-0.030445676,-0.059828717,-0.2615985,0.10583522,197.9342,28.022682
801,-7.4,0.36666673,194.0,194.03983,27.951548,0.081293754,0.03221469,-0.31269756,0.067815594,191.8105,27.422691
802,-7.0,0.36666673,273.0,193.92224,30.410858,0.031334314,-0.02156591,-0.30895174,0.1291198,192.95401,30.900732
803,-6.6,0.36666673,274.0,184.75053,31.099325,0.05922199,0.10809588,-0.19878273,-0.13672319,183.03261,29.008373
804,-6.2,0.36666673,362.0,181.80084,30.858105,0.04084907,-0.12349179,-0.09976158,-0.05418266,180.41199,34.000473
805,-5.8,0.36666673,423.0,181.29958,32.90932,0.05053578,-0.0627704,-0.15808043,-0.07044181,179.55496,34.523457
806,-5.4,0.36666673,486.0,171.60207,34.872814,-0.040419612,-0.09658781,-0.06328002,-0.0496139,173.12044,37.565548
807,-5.0,0.36666673,525.0,169.31017,37.629673,-0.06242665,-0.06146722,-0.123199336,-0.044498757,171.77385,39.464287
808,-4.6,0.36666673,602.0,157.64227,40.416313,0.008751157,-0.07258564,-0.058685422,-0.062949285,157.26884,42.667633
809,-4.2,0.36666673,720.0,154.09296,40.015232,-0.04653495,-0.0041984585,-0.017574817,-0.108365074,155.9627,40.17839
810,-3.8000002,0.36666673,841.0,144.74721,41.680893,0.0149909295,-0.18539548,-0.013404047,-0.006384622,144.01967,48.532284
811,-3.4,0.36666673,937.0,134.10107,45.13504,-0.0036545447,-0.05105269,-0.024639593,-0.06625392,134.27225,46.858814
812,-2.9999995,0.36666673,1087.0,123.91401,47.294724,-0.007381697,0.03216597,-0.0031720884,-0.07210623,124.25543,46.255653
813,-2.5999997,0.36666673,1248.0,115.91023,49.571995,-0.0142520545,-0.030528396,0.0006766673,-0.0028284767,116.632545,50.68344
814,-2.1999998,0.36666673,1327.0,103.577065,51.05567,0.0076093925,-0.0068145553,0.013325162,-0.06121431,103.186646,51.30501
815,-1.8000001,0.36666673,1458.0,87.57692,53.839443,0.018302698,0.104610585,0.073022604,0.023517737,86.65713,50.257797
816,-1.4,0.36666673,1595.0,70.174194,56.54254,-0.01954311,-0.07062535,0.05220785,0.0120433755,71.33915,59.609882
817,-0.99999964,0.36666673,1815.0,53.654816,59.960693,0.0009998408,0.008908327,0.017775895,0.025105596,53.59527,59.58657
818,-0.59999967,0.36666673,1840.0,34.908665,58.09025,-0.01745282,-0.009986232,0.060473803,0.058227617,35.92989,58.51392
819,-0.19999993,0.36666673,1943.0,10.549474,61.23513,-0.020131359,0.025757793,0.027276203,0.118306376,11.760607,60.16112
820,0.20000029,0.36666673,1908.0,-12.890202,60.560524,-0.02075255,0.03778229,-0.06980839,0.09300699,-11.665446,59.016716
821,0.6000004,0.36666673,1866.0,-34.332966,60.977646,0.01587172,-0.025126435,-0.037021596,0.037262317,-35.318573,62.098885
822,1.0,0.36666673,1731.0,-55.064518,57.812935,0.022961212,0.04107025,-0.004378076,0.07459758,-56.355343,56.217762
823,1.4000001,0.36666673,1652.0,-72.10228,55.441917,0.020215003,0.009636792,0.037862293,0.024589872,-73.21571,55.07905
824,1.8000002,0.36666673,1468.0,-84.73037,55.397438,-0.051595297,0.08252218,-0.026967807,0.0039060123,-82.022385,52.485462
825,2.2000003,0.36666673,1373.0,-102.47563,52.84531,0.04440824,-0.08495182,-0.03548235,-0.030448306,-104.9803,56.400978
826,2.6000004,0.36666673,1163.0,-113.979996,48.127964,0.0997365,0.044009317,0.025332129,-0.034626417,-118.65934,46.91694
827,3.0,0.36666673,1089.0,-127.02043,48.300766,-0.0051576016,0.056097202,0.022769542,-0.0361275,-126.780624,46.492336
828,3.4,0.36666673,950.0,-136.09613,45.603397,-0.0608278,0.07802933,-0.023086024,-0.100029446,-133.45914,43.350597
829,3.8000002,0.36666673,867.0,-143.15564,44.422222,0.10803041,0.06848231,0.107540086,-0.03411692,-147.76237,42.643196
830,4.2000003,0.36666673,759.0,-153.0022,39.955788,0.038929645,-0.04117777,0.009660543,-0.07195959,-154.60631,41.205788
831,4.6000004,0.36666673,629.0,-161.3328,39.067726,-0.06343494,-0.04743927,0.0672332,-0.106462784,-158.7615,40.53525
832,5.0,0.36666673,506.0,-168.68527,37.087234,-0.053490642,-0.05948033,0.11404283,-0.086897336,-166.60901,38.81406
833,5.4,0.36666673,491.0,-169.09064,35.144733,-0.009896619,0.052369148,0.113868654,-0.09938324,-168.75487,33.913433
834,5.8,0.36666673,378.0,-179.22516,33.687122,0.12548,0.05426053,0.09855773,-0.10879748,-183.32896,32.703854
835,6.2000003,0.36666673,349.0,-181.12444,31.920067,0.06336961,0.05232051,0.14635338,-0.061153088,-183.07996,30.858465
836,6.6000004,0.36666673,308.0,-184.59062,28.995623,-0.07612547,-0.038094345,0.090123735,-0.06716341,-182.31453,29.900484
837,7.0,0.36666673,233.0,-188.72215,29.35458,-0.0025700664,0.028508972,0.2895016,0.04801339,-188.6482,28.780203
838,7.4,0.36666673,209.0,-192.7113,28.089005,0.06628514,-0.040724225,0.29156694,0.1642834,-194.6337,29.002554
839,7.8,0.36666673,185.0,-193.8184,26.002028,0.07733609,0.033105254,0.19084138,0.053990085,-195.78946,25.486946
840,-7.8,0.4333334,137.0,197.33484,25.80342,-0.0027789113,0.010376385,-0.36507523,0.18309207,197.40608,25.615717
841,-7.4,0.4333334,139.0,195.9383,26.652275,-0.09274235,0.018122977,-0.21938543,0.04477533,198.3893,26.428226
842,-7.0,0.4333334,146.0,187.42242,31.594662,0.017027829,-0.14371882,-0.1126106,-0.020491818,186.81963,35.40201
843,-6.6,0.4333334,204.0,187.42378,28.9242,0.0056950403,0.28277746,-0.25638106,-0.076526016,187.28452,24.44679
844,-6.2,0.4333334,262.0,183.35307,31.982477,-0.056104355,0.05052067,-0.18229277,-0.020620884,185.08908,30.94374
845,-5.8,0.4333334,300.0,178.59613,34.481598,-0.10026872,0.0020542375,-0.14135124,-0.017531162,182.06598,34.60559
846,-5.4,0.4333334,363.0,174.99646,33.21959,-0.021204762,-0.080347575,-0.07329763,-0.057670575,175.7448,35.29404
847,-5.0,0.4333334,418.0,165.55229,35.14679,0.061324507,0.1757763,-0.066814475,-0.12821896,163.62047,31.501545
848,-4.6,0.4333334,450.0,160.99518,38.823215,-0.024720332,-0.00711599,-0.05847381,-0.07679699,161.96005,39.032135
849,-4.2,0.4333334,522.0,154.10388,39.84273,0.012436917,0.08520542,-0.16727328,-0.029370235,153.63577,37.641933
850,-3.8000002,0.4333334,647.0,146.4645,43.432735,0.078969516,0.013421749,-0.039326034,-0.1223052,143.0562,43.15891
851,-3.4,0.4333334,713.0,136.46062,42.60151,-0.0029984256,0.045767095,-0.05303114,-0.070793726,136.58452,41.286083
852,-2.9999995,0.4333334,806.0,124.16808,47.72359,0.043168917,-0.07654104,-0.01678407,-0.0578266,121.98411,50.590233
853,-2.5999997,0.4333334,902.0,113.70983,49.902718,-0.0076817945,-0.015729414,0.0409448,-0.07363743,114.09749,50.468983
854,-2.1999998,0.4333334,1062.0,101.47511,51.284508,-0.00565619,0.01695517,0.038940605,-0.03461926,101.761765,50.68124
855,-1.8000001,0.4333334,1174.0,88.16224,53.086563,-0.02365122,-0.023471158,0.043369804,-0.013846001,89.439476,54.00594
856,-1.4,0.4333334,1253.0,73.40869,57.063004,-0.030313533,0.0090446295,0.045364045,-0.008770326,75.12832,56.727295
857,-0.99999964,0.4333334,1326.0,55.62285,57.709095,0.031176686,-0.028977687,0.026507623,0.07239297,53.78469,58.95907
858,-0.59999967,0.4333334,1462.0,35.229355,62.29026,-0.03302335,0.010537808,-0.004907731,0.05559892,37.272335,61.864445
859,-0.19999993,0.4333334,1507.0,12.232017,60.721127,-0.016710887,0.050136797,0.01881357,0.09757108,13.212688,58.6842
860,0.20000029,0.4333334,1548.0,-12.161337,63.23784,-0.023414833,-0.022482773,0.022778137,0.05212862,-10.656088,64.28599
861,0.6000004,0.4333334,1476.0,-34.66171,59.539185,0.0017500387,-0.04487687,0.008944052,0.041047584,-34.769382,61.52363
862,1.0,0.4333334,1409.0,-53.194527,59.31902,0.017795919,0.1168427,-0.053635057,0.018787695,-54.172577,54.959805
863,1.4000001,0.4333334,1244.0,-72.1675,56.193314,-0.041242637,0.06102358,0.02112605,0.04473012,-69.9422,53.957165
864,1.8000002,0.4333334,1153.0,-88.94216,52.8911,-0.05759869,0.00045779906,-0.056297593,-0.057055425,-85.89166,52.961815
865,2.2000003,0.4333334,1030.0,-99.82745,49.969433,-0.043765776,0.03939567,0.015806094,0.021825684,-97.697174,48.677074
866,2.6000004,0.4333334,887.0,-114.61752,47.456856,0.017733648,-0.071296915,-0.0010796178,-0.05875249,-115.50527,50.05543
867,3.0,0.4333334,817.0,-124.39898,47.100323,0.022498632,-0.015004236,0.0076556364,-0.08597052,-125.47028,47.62067
868,3.4,0.4333334,705.0,-136.07385,44.23181,-0.04453093,-0.04530719,-0.011241995,-0.074018985,-134.0356,45.769753
869,3.8000002,0.4333334,584.0,-146.94128,44.173927,-0.048710786,0.041510854,0.016283916,-0.04441607,-144.8476,42.98022
870,4.2000003,0.4333334,561.0,-153.55643,38.574375,0.03168302,0.0840377,0.03132846,-0.13717413,-154.71242,36.4843
871,4.6000004,0.4333334,482.0,-160.68016,37.600933,0.013507608,-0.012080931,0.052857634,-0.06367603,-161.19254,37.929653
872,5.0,0.4333334,419.0,-168.19551,36.218628,0.07345006,-0.017682668,0.11215683,-0.083325915,-170.8972,36.781624
873,5.4,0.4333334,340.0,-172.76491,36.204956,0.023700058,-0.07914146,0.061128046,-0.09106469,-173.6757,38.430817
874,5.8,0.4333334,296.0,-179.01308,33.071625,-0.043500196,-0.015619749,0.1537516,-0.0452985,-177.55696,33.47527
875,6.2000003,0.4333334,232.0,-181.3062,30.120785,-0.02909045,-0.12273053,0.064760335,-0.029496185,-180.34186,33.150055
876,6.6000004,0.4333334,217.0,-185.81331,28.454117,0.1182028,0.13623211,0.3338421,0.1837532,-188.91127,26.20885
877,7.0,0.4333334,191.0,-191.69153,29.749868,-0.020363718,-0.111896515,0.20414412,0.026392108,-191.03102,32.43423
878,7.4,0.4333334,155.0,-196.8499,25.034897,-0.19522859,0.08002431,0.1968069,-0.09971252,-192.13602,24.145308
879,7.8,0.4333334,127.0,-195.35474,25.022255,-0.07374014,0.12918447,0.32573164,0.0707836,-193.65427,23.061035
880,-7.8,0.50000006,83.0,195.04141,26.470428,-0.0734483,-0.16404645,-0.11280016,0.029992102,197.26775,30.31168
881,-7.4,0.50000006,97.0,196.79976,27.836155,0.0010132531,-0.16227633,-0.1558054,0.010563266,196.76764,31.71157
882,-7.0,0.50000006,114.0,193.89699,23.355022,0.094271,-0.034515023,-0.068667114,-0.16676016,191.62898,24.059088
883,-6.6,0.50000006,113.0,185.91193,33.169956,-0.08540701,-0.04447601,-0.10775227,-0.063390404,188.84984,34.399384
884,-6.2,0.50000006,168.0,180.4693,31.274366,-0.18354118,0.012612444,-0.15729661,-0.0010217634,186.25548,31.525198
885,-5.8,0.50000006,205.0,179.51805,31.933647,-0.026304882,0.09738342,-0.19505517,-0.10917947,180.30582,29.947771
886,-5.4,0.50000006,240.0,173.19536,33.197357,-0.02190865,-0.06617106,-0.10748119,-0.07516261,173.95949,34.878315
887,-5.0,0.50000006,278.0,168.99348,37.801727,-0.041575197,-0.07516204,-0.092066474,-0.058207612,170.6575,40.02564
888,-4.6,0.50000006,361.0,162.76497,37.32247,-0.030788813,0.03570015,-0.0928767,-0.10405659,163.88661,36.430996
889,-4.2,0.50000006,397.0,159.01541,40.714947,0.042610466,0.092785105,-0.08323964,-0.09725275,157.38304,38.311256
890,-3.8000002,0.50000006,487.0,145.64378,41.23269,-0.06455797,0.026685026,-0.043004997,-0.09650415,148.26208,40.557816
891,-3.4,0.50000006,488.0,138.35197,43.770218,-0.0059493682,0.1124939,0.011617337,-0.11946392,138.5939,40.656044
892,-2.9999995,0.50000006,626.0,126.426056,45.449654,0.055588227,-0.09651068,-0.041399233,-0.041463982,123.70229,48.99773
893,-2.5999997,0.50000006,681.0,115.10892,49.954666,0.025690978,-0.067357406,0.0014108073,-0.04152389,113.75923,52.5377
894,-2.1999998,0.50000006,739.0,106.1809,52.032406,0.04647612,0.027615711,-0.0570719,-0.031996403,103.806076,51.09819
895,-1.8000001,0.50000006,879.0,88.0586,54.324932,-0.012732776,-0.048593126,0.041460335,-0.030208524,88.77544,56.298622
896,-1.4,0.50000006,936.0,71.455635,55.22087,0.026701346,0.0005270042,0.057273038,0.039253525,69.981186,55.220024
897,-0.99999964,0.50000006,1023.0,55.782375,59.180004,0.010809933,0.031323202,0.042861253,-0.030846354,55.1563,57.91443
898,-0.59999967,0.50000006,1010.0,32.500328,62.01064,-0.00075698463,0.0030556465,-0.078488216,0.06908756,32.54716,61.877098
899,-0.19999993,0.50000006,1135.0,13.314005,64.14148,-0.002289257,-0.030929465,-0.0106929885,0.03230865,13.464169,65.59218
900,0.20000029,0.50000006,1173.0,-12.142932,63.68344,0.007807168,0.05807844,-0.06706906,0.040057164,-12.6208935,61.22066
901,0.6000004,0.50000006,1132.0,-32.51079,59.685593,0.033586446,-0.06218877,-0.017397935,0.03077822,-34.61112,62.535755
902,1.0,0.50000006,1070.0,-56.425304,58.16515,-0.028229944,-0.06910912,-0.00071354624,0.0278783,-54.695892,61.261513
903,1.4000001,0.50000006,955.0,-71.08538,55.540028,-0.045668315,-0.02621652,0.010157341,0.020769708,-68.49777,56.66059
904,1.8000002,0.50000006,849.0,-88.15614,51.86932,-0.0026406588,0.0041555106,-0.019154985,-0.008520518,-88.019516,51.717793
905,2.2000003,0.50000006,779.0,-102.11105,50.60248,0.028978262,-0.03858194,-0.0640696,-0.0823717,-103.61975,52.065502
906,2.6000004,0.50000006,626.0,-114.56433,47.8159,-0.036673836,-0.018607581,-0.029565314,-0.037169605,-112.7861,48.490845
907,3.0,0.50000006,621.0,-124.90771,46.38317,0.0036699516,-0.0069962926,-0.029331116,0.0010798718,-125.078766,46.614555
908,3.4,0.50000006,511.0,-134.29,44.509083,-0.04364727,-0.08174478,0.06561996,-0.04518214,-132.222,47.379795
909,3.8000002,0.50000006,409.0,-143.97203,42.878643,0.030622633,0.13078319,0.0007425852,-0.10346451,-145.17874,39.40601
910,4.2000003,0.50000006,391.0,-155.49484,40.339355,0.03340436,0.14776592,0.084986135,-0.0721273,-156.72102,36.704254
911,4.6000004,0.50000006,319.0,-164.12386,40.624424,-0.0017942954,-0.0029944915,0.16833071,0.06203936,-164.05084,40.71074
912,5.0,0.50000006,275.0,-165.70071,35.911404,0.0034705792,-0.089966625,0.066452935,-0.07860696,-165.83408,38.440575
913,5.4,0.50000006,255.0,-172.36298,34.566765,-0.012150332,-0.16640912,0.0626216,-0.006675894,-171.88254,39.534145
914,5.8,0.50000006,213.0,-180.3169,31.597166,-0.0068719396,-0.019192621,0.07974382,-0.11999186,-180.09671,32.03586
915,6.2000003,0.50000006,149.0,-181.77321,29.124062,0.0787396,-0.15075485,0.042732272,-0.017291477,-184.36876,32.963978
916,6.6000004,0.50000006,132.0,-186.847,27.474632,-0.072286524,0.018225646,0.15649374,-0.07210024,-184.88109,27.196365
917,7.0,0.50000006,95.0,-193.63339,30.151182,-0.005628051,-0.13582791,0.1873933,0.0095985895,-193.44461,33.545033
918,7.4,0.50000006,98.0,-193.84985,26.08647,-0.14142941,0.1486699,0.36914572,-0.07128838,-190.46815,23.910872
919,7.8,0.50000006,78.0,-188.81839,28.174887,0.037869148,0.011866867,0.12873901,-0.11351687,-189.87723,27.961353
920,-7.8,0.5666668,48.0,202.06288,18.331688,0.14862767,0.16949515,0.22111359,-0.014729453,199.59378,16.61282
921,-7.4,0.5666668,40.0,191.81973,24.117874,-0.0068671317,-0.028710771,-0.07352702,-0.15228865,191.98882,24.6237
922,-7.0,0.5666668,64.0,191.79918,20.406801,0.25613403,0.23203146,0.16045189,-0.0722732,187.14746,18.161346
923,-6.6,0.5666668,93.0,189.20651,27.875912,0.04633293,0.1279124,-0.043767706,-0.11330263,188.01694,25.675325
924,-6.2,0.5666668,102.0,180.64143,29.532887,0.038122922,0.08933252,-0.14640969,-0.10917446,179.5799,27.845299
925,-5.8,0.5666668,131.0,177.03125,31.258062,-0.081001915,0.0982551,-0.058177575,-0.17340675,179.41061,29.373713
926,-5.4,0.5666668,144.0,170.62877,32.225555,0.058350444,0.1176917,-0.045738768,-0.07515492,168.88521,29.881506
927,-5.0,0.5666668,181.0,164.19678,38.09748,0.03096913,-0.06376216,-0.09151411,-0.0670121,162.95923,39.961807
928,-4.6,0.5666668,228.0,162.21266,38.01123,-0.028516276,0.028144486,-0.14900789,0.16497496,163.27608,37.29115
929,-4.2,0.5666668,245.0,155.81151,39.389557,0.04902775,-0.11177593,-0.034011032,-0.011344178,153.70377,42.989857
930,-3.8000002,0.5666668,342.0,140.83826,41.640644,-0.029778428,-0.09638926,-0.027682083,-0.015161323,142.1732,44.829315
931,-3.4,0.5666668,344.0,135.7151,42.71748,0.059539508,-0.026946967,-0.041322,-0.08954998,133.117,43.636158
932,-2.9999995,0.5666668,433.0,120.9949,46.416054,0.066905394,0.022480624,-0.012166771,-0.076814175,117.930954,45.794884
933,-2.5999997,0.5666668,502.0,113.04024,46.898567,0.015862862,-0.06503925,-0.0005822944,-0.018344486,112.25946,49.223267
934,-2.1999998,0.5666668,537.0,95.708565,49.89202,0.050594088,-0.02533759,0.023516204,-0.0064659934,93.13444,50.87816
935,-1.8000001,0.5666668,617.0,87.44647,54.803585,0.019433793,0.070739694,-0.042210624,-0.032640606,86.43083,52.26122
936,-1.4,0.5666668,726.0,65.77458,57.62105,-0.09571603,-0.08297163,-0.018613601,0.0341524,71.67567,61.652493
937,-0.99999964,0.5666668,749.0,53.61082,58.38091,0.022555467,-0.0601213,-0.042999007,0.04418403,52.23382,61.050117
938,-0.59999967,0.5666668,789.0,32.78545,59.98005,-0.031294238,0.06099315,0.016228464,0.05071139,34.587223,57.57532
939,-0.19999993,0.5666668,851.0,9.203709,59.770634,-0.031924546,0.032176085,0.060616188,0.010340324,11.070786,58.483997
940,0.20000029,0.5666668,874.0,-12.12876,61.603184,0.063239016,-0.0499865,-0.033549584,0.0271773,-16.178667,64.04122
941,0.6000004,0.5666668,816.0,-33.3703,63.53155,-0.014539553,-0.031795878,-0.014621266,0.12060103,-32.424965,65.01717
942,1.0,0.5666668,770.0,-52.06785,59.516937,0.015613751,0.0039315424,-0.021441981,0.034934722,-52.994675,59.35938
943,1.4000001,0.5666668,683.0,-72.53261,57.54693,0.026478764,0.034588486,-0.035557967,-0.025785375,-74.02091,56.207863
944,1.8000002,0.5666668,628.0,-86.4373,52.93467,0.015398129,-0.004262901,0.039768964,0.037018884,-87.25488,53.10149
945,2.2000003,0.5666668,532.0,-102.12368,51.15684,-0.0019323198,0.001565924,-0.024425045,-0.047897805,-102.02491,51.100456
946,2.6000004,0.5666668,482.0,-115.53887,45.98555,0.0013812332,-0.03315465,0.05711534,-0.03629759,-115.60396,47.103085
947,3.0,0.5666668,390.0,-127.54851,46.84271,-0.015145272,0.07398222,0.1511531,-0.0023537301,-126.873436,44.573708
948,3.4,0.5666668,353.0,-134.4269,42.668026,-0.037501898,0.034090564,0.116518624,-0.03632981,-132.86302,41.70297
949,3.8000002,0.5666668,305.0,-144.541,41.561726,-0.029263562,-0.091176786,-0.016432403,-0.0483415,-143.2371,44.55399
950,4.2000003,0.5666668,234.0,-156.56807,39.047897,-0.017519258,0.037521064,0.09608429,-0.06394847,-155.90135,38.056896
951,4.6000004,0.5666668,225.0,-156.28033,36.625988,-0.01680164,0.08766865,0.01193093,-0.10633595,-155.69987,34.551105
952,5.0,0.5666668,199.0,-168.35622,37.701283,-0.014283209,0.058187183,0.01616141,-0.17291342,-167.83858,36.242996
953,5.4,0.5666668,156.0,-174.11871,35.76057,-0.015356782,-0.01106182,0.15283339,-0.024835153,-173.56514,36.047905
954,5.8,0.5666668,109.0,-178.77325,32.44012,-0.050596498,-0.029136496,0.10967625,-0.07160743,-177.09474,33.174225
955,6.2000003,0.5666668,97.0,-177.4772,29.175184,0.027706524,-0.07882409,0.12219495,-0.030387376,-178.33513,30.96478
956,6.6000004,0.5666668,86.0,-188.85413,28.71098,0.042918537,-0.054637995,0.059935834,-0.08084117,-190.1382,29.918959
957,7.0,0.5666668,66.0,-194.0173,28.114164,-0.061910253,-0.0021343585,0.12795745,-0.14644174,-192.27072,28.2111
958,7.4,0.5666668,57.0,-196.94754,25.567543,-0.06953682,-0.11491427,0.1632237,-0.08048512,-194.99916,28.019344
959,7.8,0.5666668,43.0,-197.16675,25.1243,-0.10935954,0.030975321,0.058770236,-0.20245594,-194.46187,24.73369
960,-7.8,0.63333344,29.0,194.1973,20.99107,0.041493904,-0.032045387,0.0019140118,-0.17056255,193.30508,21.502693
961,-7.4,0.63333344,47.0,193.83835,20.320288,-0.21322429,0.5441167,-0.36867774,0.5450726,197.13821,15.476086
962,-7.0,0.63333344,25.0,188.79906,26.982054,0.018326206,0.027286882,-0.19169012,-0.24960636,188.3138,26.480143
963,-6.6,0.63333344,43.0,183.02449,22.885927,0.19191578,-0.10720544,0.004860737,-0.04714585,178.14903,25.404222
964,-6.2,0.63333344,60.0,183.53914,28.889877,0.1311796,-0.053401534,-0.1684441,-0.009904219,179.5604,30.330448
965,-5.8,0.63333344,76.0,178.4893,29.191515,-0.047887016,0.09782452,-0.17237602,-0.014365959,179.80083,27.387856
966,-5.4,0.63333344,98.0,179.6308,33.989113,-0.0029204816,0.13335584,-0.16214457,-0.056162093,179.72185,31.176325
967,-5.0,0.63333344,114.0,163.48917,32.111988,-0.0021383604,0.038232673,-0.12746693,0.022626206,163.55606,31.277454
968,-4.6,0.63333344,127.0,157.28131,40.05721,-0.05351183,0.003841854,-0.008966521,-0.08685062,159.42207,40.005905
969,-4.2,0.63333344,165.0,156.67566,38.32119,-0.03149739,-0.12255267,-0.14403684,0.01676709,158.00397,42.172665
970,-3.8000002,0.63333344,212.0,141.0406,41.481667,-0.05210939,-0.030641897,-0.102686405,-0.02141547,143.25371,42.47123
971,-3.4,0.63333344,270.0,132.3531,43.86193,0.008110496,-0.036901884,-0.0011071131,-0.0728885,131.98767,45.054768
972,-2.9999995,0.63333344,330.0,127.78013,44.777817,0.026855756,0.07592333,-0.062113218,-0.076711774,126.63701,42.565536
973,-2.5999997,0.63333344,346.0,117.62418,49.98953,0.03606921,-0.032630216,-0.09571935,0.0053787725,115.77669,51.219574
974,-2.1999998,0.63333344,401.0,101.40344,52.258747,-0.030146059,0.049382366,0.022902414,-0.06268186,102.92726,50.545635
975,-1.8000001,0.63333344,468.0,83.99814,51.501755,0.018900523,-0.028212974,0.039398924,-0.055511463,83.00455,52.570755
976,-1.4,0.63333344,499.0,71.12335,54.703278,-0.028588604,-0.09176237,-0.014675488,0.048612967,72.80061,58.6679
977,-0.99999964,0.63333344,564.0,51.019985,59.72132,0.04177463,0.016866157,-0.010501691,-0.04338078,48.55227,59.07199
978,-0.59999967,0.63333344,652.0,29.207975,59.18716,0.03164276,0.029160984,-0.07317983,0.04316562,27.371727,58.03114
979,-0.19999993,0.63333344,630.0,12.657272,66.15341,0.0074003018,-0.013117659,0.023253938,0.015543895,12.163098,66.77755
980,0.20000029,0.63333344,592.0,-12.012998,61.7886,-0.035219945,0.034072947,0.04667348,0.046122823,-9.886158,60.38738
981,0.6000004,0.63333344,574.0,-35.114532,62.207844,-0.0037309865,-0.04095991,0.030173818,-0.045030493,-34.875412,64.092316
982,1.0,0.63333344,568.0,-48.383835,60.827812,-0.020392478,0.044161215,-0.06801497,-0.0041444805,-47.18018,59.024506
983,1.4000001,0.63333344,522.0,-71.881935,58.29519,-0.0064508524,0.11263265,-0.022442846,-0.02377684,-71.53268,54.143295
984,1.8000002,0.63333344,441.0,-83.75992,53.552532,-0.015882716,-0.07859662,0.046195053,-0.021255452,-82.85767,56.810303
985,2.2000003,0.63333344,390.0,-100.87759,48.71806,-0.020234803,-0.017854838,0.0053726407,-0.07567984,-99.878815,49.35553
986,2.6000004,0.63333344,349.0,-112.20954,48.51237,-0.026344188,-0.00729642,0.088296406,-0.035550844,-110.9245,48.78163
987,3.0,0.63333344,303.0,-119.45204,50.359848,-0.046875965,0.014998968,-0.0149699105,-0.0378818,-117.1135,49.887794
988,3.4,0.63333344,252.0,-134.79114,48.654312,0.02998245,0.0036330584,0.07049598,-0.12354368,-136.2468,48.551586
989,3.8000002,0.63333344,203.0,-145.29045,37.831116,0.1439663,0.08489994,0.15035765,-0.019072397,-150.48499,36.081112
990,4.2000003,0.63333344,181.0,-154.05449,35.95896,0.021730723,0.021146338,0.123642735,-0.063555874,-154.82468,35.44115
991,4.6000004,0.63333344,129.0,-160.7634,36.24677,0.03796006,-0.08286058,0.12696047,-0.053509887,-162.22903,38.60864
992,5.0,0.63333344,119.0,-163.69229,30.82603,0.14981946,0.1045928,0.1436495,0.082280785,-168.04558,29.05701
993,5.4,0.63333344,87.0,-169.05855,28.942629,-0.08822553,-0.006458246,-0.011182822,-0.14912401,-166.4832,29.190605
994,5.8,0.63333344,75.0,-181.84717,33.187675,0.006127574,0.0031285607,0.32543477,0.26498872,-182.05008,33.11514
995,6.2000003,0.63333344,64.0,-183.5212,24.547626,0.20403685,0.07095076,0.081730604,-0.13582085,-188.38895,23.857197
996,6.6000004,0.63333344,59.0,-190.51822,23.8925,-0.05229219,0.005936468,0.12999146,-0.10504365,-189.27242,23.824738
997,7.0,0.63333344,43.0,-187.21446,24.38918,0.017525254,0.056149717,0.056075588,-0.19988121,-187.62593,23.478085
998,7.4,0.63333344,31.0,-189.45505,22.180193,-0.07201696,-0.016287312,0.06983322,-0.120927535,-187.83463,22.500284
999,7.8,0.63333344,21.0,-195.74997,24.047398,0.09240137,-0.011458759,-0.0028157502,-0.21785377,-198.0,24.350616
1000,-7.8,0.7000001,15.0,194.34888,22.636564,-0.10204673,-0.06964291,-0.23018643,-0.011600409,196.79594,23.979717
1001,-7.4,0.7000001,20.0,193.55232,20.585283,0.014607933,0.0015838786,0.056684665,-0.17126472,193.25194,20.564241
1002,-7.0,0.7000001,28.0,184.88074,26.048258,0.086147144,-0.024940861,-0.1243836,-0.16198486,182.58728,26.622631
1003,-6.6,0.7000001,25.0,189.09885,20.552904,-0.06972663,0.09488107,0.23161471,-0.11339535,190.44739,19.340048
1004,-6.2,0.7000001,39.0,180.47252,29.888432,0.07238725,-0.017873509,-0.1302147,-0.19635125,178.27515,30.355375
1005,-5.8,0.7000001,44.0,181.67389,29.150003,-0.11181476,0.296739,-0.39754897,-0.030830828,184.42159,24.573568
1006,-5.4,0.7000001,63.0,172.35754,34.451958,0.019496229,0.0064825225,-0.12531164,-0.10167677,171.68884,34.30132
1007,-5.0,0.7000001,80.0,166.93726,36.021126,-0.08266063,0.13249335,-0.2459811,0.11272413,169.67764,33.15274
1008,-4.6,0.7000001,100.0,156.83899,33.388985,0.06933065,-0.07973931,-0.016319774,-0.079867296,154.37474,35.543785
1009,-4.2,0.7000001,118.0,152.14613,42.4041,0.03390768,-0.035744153,-0.21546383,0.061866887,150.66962,43.544643
1010,-3.8000002,0.7000001,114.0,141.6312,42.229816,-0.012675889,-0.013264288,-0.17745785,0.18321978,142.17163,42.635075
1011,-3.4,0.7000001,192.0,131.0757,44.91985,0.051554725,-0.0058394037,-0.010144201,0.0044419817,128.74716,45.16693
1012,-2.9999995,0.7000001,190.0,121.37995,45.852547,0.0023453084,-0.002610618,-0.015877862,-0.117633216,121.27225,45.93752
1013,-2.5999997,0.7000001,247.0,106.33439,49.156956,-0.010253472,0.016948765,-0.060361203,-0.05513916,106.832535,48.580643
1014,-2.1999998,0.7000001,290.0,104.14056,53.678177,-0.07260015,0.051808763,-0.06168211,0.075237654,107.91153,51.94128
1015,-1.8000001,0.7000001,304.0,84.32042,54.28514,-0.015806092,-0.03541187,0.037991397,-0.016374057,85.2009,55.70508
1016,-1.4,0.7000001,350.0,71.31463,57.34127,-0.0038015079,-0.06832582,-0.068376504,0.039244473,71.543976,60.33055
1017,-0.99999964,0.7000001,407.0,55.8354,56.262188,-0.0031826333,-0.0413131,-0.050192192,0.07642985,56.019936,57.981785
1018,-0.59999967,0.7000001,421.0,32.30336,61.983013,0.046075188,0.029073486,0.04142709,-0.023977105,29.501596,60.80876
1019,-0.19999993,0.7000001,448.0,11.00416,63.5503,0.058664035,0.02455467,0.05512669,-0.0334003,7.333028,62.578995
1020,0.20000029,0.7000001,425.0,-14.698831,63.83084,-0.06801166,0.056053456,-0.05327533,0.07386403,-10.511076,61.57407
1021,0.6000004,0.7000001,431.0,-33.04525,62.254284,0.018866412,-0.030607337,-0.0061807805,0.025648378,-34.246254,63.65885
1022,1.0,0.7000001,384.0,-54.69179,58.604523,0.018047906,-0.011969663,0.044085473,0.009771601,-55.75873,59.116745
1023,1.4000001,0.7000001,357.0,-70.88555,57.45731,-0.03587325,0.012557738,-0.06494937,0.0012477242,-68.84117,56.989803
1024,1.8000002,0.7000001,330.0,-87.00358,53.248924,-0.058895543,-0.018216416,0.050973497,0.12503016,-83.82059,54.044674
1025,2.2000003,0.7000001,304.0,-97.54645,52.4804,-0.026363121,0.19010252,0.024191508,-0.12671608,-96.31786,46.602764
1026,2.6000004,0.7000001,231.0,-113.8547,50.69331,0.0020341445,0.008635974,0.17026712,-0.028725153,-113.95722,50.386593
1027,3.0,0.7000001,190.0,-122.50417,44.690834,-0.018119827,-0.08914644,0.019085875,0.040814035,-121.63778,47.814716
1028,3.4,0.7000001,162.0,-137.61873,41.447964,0.04594826,0.04236104,0.2386627,0.26959193,-139.4704,40.299747
1029,3.8000002,0.7000001,151.0,-144.3015,38.407383,0.0069611627,0.055365786,0.050490346,-0.051647354,-144.55896,36.987545
1030,4.2000003,0.7000001,123.0,-151.55031,39.00879,0.12971814,0.03379587,0.10294072,0.065948874,-156.53387,38.418564
1031,4.6000004,0.7000001,82.0,-153.76704,34.335945,0.010961149,0.08740456,-0.06292786,-0.0396104,-154.1221,32.394035
1032,5.0,0.7000001,79.0,-166.60344,33.921036,0.08576041,0.007846142,0.1927588,0.018106552,-169.50708,33.857895
1033,5.4,0.7000001,68.0,-167.24,31.986967,-0.036666155,-0.011150033,0.31038913,0.3574776,-166.05699,32.26417
1034,5.8,0.7000001,47.0,-180.4695,29.641642,-0.014125213,0.073071934,0.04907807,-0.16278864,-180.07086,28.22193
1035,6.2000003,0.7000001,35.0,-184.81908,31.08921,0.011703775,0.04728986,0.2138386,-0.01516877,-185.17139,30.100885
1036,6.6000004,0.7000001,34.0,-187.79993,26.27826,0.015832754,-0.02165147,-0.0030120637,-0.09095256,-188.22256,26.693396
1037,7.0,0.7000001,27.0,-186.06474,25.051197,-0.17734009,0.009834293,0.038481362,-0.25128585,-181.58272,25.273733
1038,7.4,0.7000001,23.0,-196.17291,23.974026,0.075671256,0.023873072,0.2340924,-0.010032505,-197.96216,23.64482
1039,7.8,0.7000001,0.0,0.0,0.0,0.0,-0.70710677,0.0,0.6123724,-186.86182,14.518133
1040,-7.8,0.76666677,13.0,187.77818,16.086193,-0.009051583,0.044241548,-0.40058008,-0.06536117,187.91945,15.605865
1041,-7.4,0.76666677,13.0,188.8605,33.32528,0.10984287,0.0127306245,-0.42420715,0.12140992,185.21075,33.22687
1042,-7.0,0.76666677,16.0,192.09584,24.022858,-0.15080585,0.2848349,-0.5972556,0.50565153,195.17967,20.44904
1043,-6.6,0.76666677,20.0,190.0354,28.693287,0.0363155,0.32784837,-0.073000565,0.19472927,189.1737,23.727837
1044,-6.2,0.76666677,17.0,186.78534,23.698051,-0.06641371,-0.028729906,-0.06155499,-0.13214819,188.39589,24.250736
1045,-5.8,0.76666677,19.0,181.92116,29.380718,-0.027022952,-0.06625611,-0.014600272,-0.07357762,182.7555,30.874475
1046,-5.4,0.76666677,39.0,165.62294,39.19951,-0.09992227,0.014621248,-0.09838074,-0.09343619,169.51906,38.991688
1047,-5.0,0.76666677,64.0,166.46812,31.659164,-0.039752066,-0.09311925,-0.0012151295,-0.023445029,167.81992,34.006382
1048,-4.6,0.76666677,51.0,158.95854,38.234833,0.018860128,0.0059050266,-0.300562,-0.009812141,158.24025,38.08306
1049,-4.2,0.76666677,66.0,149.65884,41.876095,-0.012073663,0.13735557,0.017273972,-0.1067872,150.12152,38.32182
1050,-3.8000002,0.76666677,107.0,137.2395,40.79139,0.05044352,-0.07022862,-0.07965882,-0.011492271,135.06827,43.042507
1051,-3.4,0.76666677,113.0,128.552,43.43298,-0.022583313,0.03308418,0.14709608,-0.10045256,129.51093,42.461544
1052,-2.9999995,0.76666677,142.0,121.854324,44.703648,-0.07826006,0.012491904,-0.034139805,-0.15963458,125.33283,44.447803
1053,-2.5999997,0.76666677,180.0,112.63053,48.75464,0.064775355,0.14515847,0.018493893,0.059158325,109.7489,44.48652
1054,-2.1999998,0.76666677,188.0,96.67947,46.952976,0.007215987,0.055616815,-0.01572994,0.020245321,96.35326,45.20979
1055,-1.8000001,0.76666677,229.0,80.54702,55.56589,0.024808554,0.017417438,-0.1526607,0.014284783,79.18476,54.910427
1056,-1.4,0.76666677,235.0,70.412315,55.250668,0.00034094643,0.04519398,-0.15231779,0.04651279,70.39406,53.56539
1057,-0.99999964,0.76666677,258.0,55.651073,58.054607,0.0073966812,-0.032058537,-0.13376436,0.14960119,55.211567,59.41886
1058,-0.59999967,0.76666677,280.0,27.582321,62.242584,-0.066800185,-0.040675923,-0.009369435,-0.042655542,31.875317,64.26625
1059,-0.19999993,0.76666677,284.0,12.2377825,62.210094,-0.09292076,0.006769121,0.007418966,0.065267004,18.015682,62.180923
1060,0.20000029,0.76666677,308.0,-14.642815,61.51033,-0.03006907,0.04607856,0.096305065,0.022710254,-12.849963,59.624397
1061,0.6000004,0.76666677,292.0,-31.396532,60.062134,0.012819649,-0.028082192,0.05218435,0.0005673111,-32.182335,61.296787
1062,1.0,0.76666677,310.0,-51.89433,56.858665,0.0015850776,-0.095359944,0.010369777,-0.04510432,-51.991234,61.12991
1063,1.4000001,0.76666677,249.0,-67.36953,60.509216,0.029097687,0.13279831,0.06523516,-0.04556797,-68.98562,55.539726
1064,1.8000002,0.76666677,220.0,-79.29362,53.746864,-0.030483302,0.037557565,0.09566488,-0.053349577,-77.69642,52.39701
1065,2.2000003,0.76666677,182.0,-101.35472,47.653534,0.033908617,-0.0019673307,0.04991991,-0.092814706,-102.973785,47.74744
1066,2.6000004,0.76666677,157.0,-114.167046,48.449284,0.031394605,0.017514208,0.1293972,0.040273782,-115.67032,47.883205
1067,3.0,0.76666677,135.0,-122.10289,43.113506,-0.06937944,0.027728328,0.24637415,0.0512732,-119.161865,42.390514
1068,3.4,0.76666677,98.0,-126.43997,42.72619,0.021410188,0.01356294,0.10734828,-0.01367445,-127.3463,42.331757
1069,3.8000002,0.76666677,87.0,-147.78706,41.26342,-0.024719011,-0.048004504,0.12142194,-0.114026606,-146.73024,42.75365
1070,4.2000003,0.76666677,73.0,-151.48637,38.383472,0.05527922,0.06541191,0.13769644,-0.088191345,-153.51923,36.773884
1071,4.6000004,0.76666677,62.0,-167.30313,33.69666,-0.016542543,0.088747606,-0.0024169425,-0.22398436,-166.77765,31.766098
1072,5.0,0.76666677,50.0,-161.41966,34.226753,-0.04435668,0.05583665,-0.043712158,0.0022381947,-159.95677,32.980576
1073,5.4,0.76666677,36.0,-167.35973,27.25491,-0.12308613,-0.0077682124,0.038871672,-0.09099208,-163.96031,27.618214
1074,5.8,0.76666677,30.0,-179.64706,26.389547,0.16084048,0.06018739,-0.16768593,-0.053648297,-183.77115,25.640781
1075,6.2000003,0.76666677,23.0,-185.63809,23.99528,-0.051602155,-0.066562645,0.4119234,0.2591898,-184.33522,25.248306
1076,6.6000004,0.76666677,15.0,-198.14272,22.375261,-0.14000382,-0.028207663,0.2715959,0.10076587,-194.9125,23.07223
1077,7.0,0.76666677,10.0,-185.88515,21.60964,-0.0021090985,-0.01712241,0.039102152,-0.2471222,-185.839,21.87635
1078,7.4,0.76666677,0.0,0.0,0.0,0.0,-0.70710677,0.0,0.6123724,-202.09428,20.427795
1079,7.8,0.76666677,0.0,0.0,0.0,0.0,-0.70710677,0.0,0.6123724,-184.29953,23.31844
1080,-7.8,0.83333343,0.0,0.0,0.0,0.0,-0.70710677,0.0,0.6123724,201.32791,13.503111
1081,-7.4,0.83333343,0.0,0.0,0.0,0.0,-0.70710677,0.0,0.6123724,180.75632,22.836061
1082,-7.0,0.83333343,0.0,0.0,0.0,0.0,-0.70710677,0.0,0.6123724,198.1501,-0.64403373
1083,-6.6,0.83333343,0.0,0.0,0.0,0.0,-0.70710677,0.0,0.6123724,184.55779,14.919208
1084,-6.2,0.83333343,19.0,185.84012,27.29197,0.09997151,0.011970127,-0.03097773,-0.21711025,183.1211,27.19789
1085,-5.8,0.83333343,17.0,177.30331,17.937065,0.047160648,-0.04008612,-0.22184403,0.0064166933,176.4313,18.490055
1086,-5.4,0.83333343,21.0,179.43279,35.97802,-0.010663693,0.06740124,-0.40737677,-0.013064312,179.7994,34.378624
1087,-5.0,0.83333343,23.0,153.39197,31.127762,0.11601503,0.02473253,-0.21758564,-0.016112471,149.81894,30.798094
1088,-4.6,0.83333343,40.0,158.58965,30.03507,-0.026500767,-0.009126521,0.18673803,-0.04811817,159.39108,30.241495
1089,-4.2,0.83333343,52.0,152.53705,38.364895,0.08670394,-0.044802144,-0.17713088,-0.061339773,149.08614,39.80127
1090,-3.8000002,0.83333343,57.0,140.19855,43.855923,0.032436363,-0.005665464,-0.015954362,-0.054670595,138.76955,44.05599
1091,-3.4,0.83333343,71.0,126.861496,38.883854,-0.051011868,0.005488447,-0.15813197,-0.091520414,128.83994,38.783916
1092,-2.9999995,0.83333343,93.0,105.37922,52.904415,-0.03512716,-0.038984362,-0.0643328,-0.092041634,107.29231,54.46153
1093,-2.5999997,0.83333343,95.0,115.41945,48.530323,-0.04342761,0.06269866,-0.07917442,-0.021125123,117.4411,46.55239
1094,-2.1999998,0.83333343,115.0,97.20929,47.375145,-0.01873776,-0.08774316,-0.02226534,-0.03832467,98.158,50.629913
1095,-1.8000001,0.83333343,141.0,83.46236,53.591866,0.02599697,-0.034796353,0.04366355,-0.08584535,82.03303,54.980743
1096,-1.4,0.83333343,163.0,66.40738,61.688248,0.039764248,0.027489945,-0.037914995,-0.057253353,63.998894,60.56911
1097,-0.99999964,0.83333343,183.0,55.243374,57.64839,-0.0021118508,-0.06280829,0.08334156,-0.011037089,55.370907,60.393097
1098,-0.59999967,0.83333343,216.0,28.497253,55.046776,-0.020375183,0.0040907734,-0.010000476,0.062340755,29.615831,54.899574
1099,-0.19999993,0.83333343,184.0,13.472099,60.03432,-0.013685519,0.012175214,0.024996338,-0.08832158,14.286787,59.52955
1100,0.20000029,0.83333343,192.0,-8.419675,61.550297,-0.003168216,0.015983349,-0.1860434,0.08139787,-8.226838,60.86653
1101,0.6000004,0.83333343,195.0,-25.277853,62.503098,0.018390387,-0.031911403,-0.09259011,0.03015757,-26.454353,63.974407
1102,1.0,0.83333343,187.0,-49.983578,60.412548,-0.091082476,-0.000654372,0.034498427,0.04418427,-44.455513,60.69302
1103,1.4000001,0.83333343,156.0,-69.61133,52.28027,0.01833582,-0.09864862,-0.06805722,-0.05064053,-70.64494,56.3702
1104,1.8000002,0.83333343,149.0,-83.27834,49.602177,-0.021848511,-0.054133203,-0.08176414,-0.05243138,-82.15029,51.63066
1105,2.2000003,0.83333343,124.0,-92.59315,47.10025,0.009897944,-0.0044757426,0.05349597,-0.08971652,-93.06085,47.252357
1106,2.6000004,0.83333343,91.0,-110.349495,45.506386,0.0038649512,-0.015167007,0.10711842,-0.06500172,-110.52729,46.002758
1107,3.0,0.83333343,89.0,-123.505264,37.66591,-0.033752743,-0.02393351,0.033969738,-0.103671,-122.211075,38.342705
1108,3.4,0.83333343,65.0,-131.20355,45.78798,-0.07238105,0.040656872,0.0147876525,-0.19269761,-127.97271,44.63652
1109,3.8000002,0.83333343,52.0,-142.13277,44.634583,-0.046282887,-0.043996673,0.28486708,0.10806363,-139.99707,46.144295
1110,4.2000003,0.83333343,40.0,-150.13174,39.172596,0.03429783,-0.029303314,0.2402021,-0.015677681,-151.50485,40.03498
1111,4.6000004,0.83333343,37.0,-149.8832,31.43865,-0.062085874,-0.001812736,0.08105162,0.0749402,-147.925,31.54004
1112,5.0,0.83333343,25.0,-162.73328,25.817986,0.067797095,-0.100408085,0.12224846,-0.032878004,-164.62804,27.94766
1113,5.4,0.83333343,21.0,-171.57152,28.06323,-0.03846152,0.06088795,0.0120639745,-0.10840114,-170.53513,26.946209
1114,5.8,0.83333343,15.0,-182.39,30.276913,0.081929795,0.057825897,-0.079689875,-0.30203637,-184.78241,29.200914
1115,6.2000003,0.83333343,13.0,-180.79434,33.700947,0.12034894,-0.003454693,0.2512211,0.023803558,-184.89008,34.032013
1116,6.6000004,0.83333343,13.0,-183.78027,23.603413,0.01895423,-0.037143387,-0.20760891,-0.0937861,-184.23997,24.253494
1117,7.0,0.83333343,0.0,0.0,0.0,0.0,-0.70710677,0.0,0.6123724,-186.34976,14.313871
1118,7.4,0.83333343,0.0,0.0,0.0,0.0,-0.70710677,0.0,0.6123724,-195.48637,3.4414167
1119,7.8,0.83333343,0.0,0.0,0.0,0.0,-0.70710677,0.0,0.6123724,-209.19002,3.227459
1120,-7.8,0.9000001,0.0,0.0,0.0,0.0,-0.70710677,0.0,0.6123724,186.56384,1.7621193
1121,-7.4,0.9000001,0.0,0.0,0.0,0.0,-0.70710677,0.0,0.6123724,216.99246,4.6755314
1122,-7.0,0.9000001,0.0,0.0,0.0,0.0,-0.70710677,0.0,0.6123724,165.36748,5.786336
1123,-6.6,0.9000001,0.0,0.0,0.0,0.0,-0.70710677,0.0,0.6123724,182.66968,24.152029
1124,-6.2,0.9000001,0.0,0.0,0.0,0.0,-0.70710677,0.0,0.6123724,198.6833,22.940931
1125,-5.8,0.9000001,15.0,171.48228,29.135324,0.0015544037,-0.007660485,-0.09944535,-0.0024851796,171.43675,29.294468
1126,-5.4,0.9000001,10.0,165.03745,40.296337,0.04555696,0.020847686,0.008130185,-0.09439492,163.22632,39.75522
1127,-5.0,0.9000001,25.0,159.30289,32.347782,-0.028874625,-0.07361605,-0.08037196,-0.084595,160.29015,34.191635
1128,-4.6,0.9000001,27.0,153.31027,36.362003,0.05183435,0.039044082,-0.04073503,-0.2168638,151.4731,35.44307
1129,-4.2,0.9000001,30.0,151.37682,34.220734,0.066906735,0.24608558,0.23269655,0.07442,149.40152,29.523176
1130,-3.8000002,0.9000001,39.0,142.16661,38.25628,0.046766385,-0.05714902,-0.02279177,-0.14301807,140.29826,39.950314
1131,-3.4,0.9000001,46.0,131.15604,49.733784,-4.3153763e-05,-0.009444182,-0.32508332,0.119290866,131.1582,50.06924
1132,-2.9999995,0.9000001,50.0,126.5613,39.35292,-0.022898212,-0.0011922079,0.09611004,0.04923673,127.46343,39.396416
1133,-2.5999997,0.9000001,69.0,104.44472,46.480915,-0.0048330347,-0.016906029,-0.21959892,0.30249658,104.672104,47.0473
1134,-2.1999998,0.9000001,63.0,94.77191,43.989124,-0.03985626,-0.038426377,0.014379571,-0.1328636,96.57635,45.27344
1135,-1.8000001,0.9000001,78.0,75.34096,59.627384,0.06387788,0.026448328,-0.070026346,-0.11708061,71.593994,58.65807
1136,-1.4,0.9000001,125.0,65.57575,52.644062,-0.026009323,0.040937405,0.017333124,-0.0003966846,66.907425,51.199684
1137,-0.99999964,0.9000001,126.0,42.404156,58.82102,0.030996822,-0.003281638,-0.1654993,-0.022213364,40.575768,58.98647
1138,-0.59999967,0.9000001,138.0,30.456125,59.54301,0.006131751,0.04230861,0.03214656,0.030178934,30.101473,57.838863
1139,-0.19999993,0.9000001,142.0,3.7887797,59.241108,-0.009911303,0.08836871,-0.060053427,0.0958214,4.3423862,55.856186
1140,0.20000029,0.9000001,151.0,-14.922952,64.11292,-0.004284602,0.15071242,-0.016160034,0.26394325,-14.673547,58.209454
1141,0.6000004,0.9000001,139.0,-26.747093,53.53533,0.035412394,0.06592298,-0.02341975,0.00969607,-28.561312,51.231148
1142,1.0,0.9000001,126.0,-52.08818,62.089165,0.038205143,0.035294447,-0.037367467,-0.061973467,-54.404846,60.637466
1143,1.4000001,0.9000001,107.0,-62.675995,56.074665,-0.07376284,0.021177612,0.07923087,-0.092451364,-58.589535,55.39988
1144,1.8000002,0.9000001,101.0,-77.423134,56.89934,-0.002994457,0.10076208,0.14936292,0.11246327,-77.263725,53.23301
1145,2.2000003,0.9000001,73.0,-76.090385,51.16179,-0.010873147,-0.01164922,0.2689778,0.0230737,-75.52943,51.591587
1146,2.6000004,0.9000001,66.0,-99.68017,40.890205,-0.03694129,-0.042578306,-0.14221567,0.011528334,-98.12085,42.21054
1147,3.0,0.9000001,68.0,-107.36613,47.12808,-0.03696565,-0.027797323,0.23496523,0.13889456,-105.58742,48.11694
1148,3.4,0.9000001,56.0,-130.06294,42.929882,0.010467608,0.0008184075,0.16942139,0.43120626,-130.51208,42.907402
1149,3.8000002,0.9000001,32.0,-136.45781,39.60592,0.14369552,0.04788767,0.15893097,-0.16049725,-142.0196,38.705296
1150,4.2000003,0.9000001,33.0,-143.21574,35.042774,0.106376186,0.005135172,0.040015787,-0.0013731878,-146.95103,35.114082
1151,4.6000004,0.9000001,22.0,-157.6071,38.08871,-0.008998287,-0.02193554,0.1251453,-0.17111146,-157.25891,38.69522
1152,5.0,0.9000001,13.0,-168.15685,34.950047,-0.06787383,0.023270119,0.19268407,-0.29006246,-165.81752,34.46575
1153,5.4,0.9000001,12.0,-178.69145,29.619099,0.08877152,-0.025988633,-0.043702863,-0.28071,-181.3815,30.303082
1154,5.8,0.9000001,0.0,0.0,0.0,0.0,-0.70710677,0.0,0.6123724,-161.02884,26.809393
1155,6.2000003,0.9000001,0.0,0.0,0.0,0.0,-0.70710677,0.0,0.6123724,-169.53746,12.07602
1156,6.6000004,0.9000001,0.0,0.0,0.0,0.0,-0.70710677,0.0,0.6123724,-189.27985,12.9808035
1157,7.0,0.9000001,0.0,0.0,0.0,0.0,-0.70710677,0.0,0.6123724,-185.65807,22.979391
1158,7.4,0.9000001,0.0,0.0,0.0,0.0,-0.70710677,0.0,0.6123724,-208.99843,0.33869267
1159,7.8,0.9000001,0.0,0.0,0.0,0.0,-0.70710677,0.0,0.6123724,-215.3801,4.5581713
1160,-7.8,0.9666667,0.0,0.0,0.0,0.0,-0.70710677,0.0,0.6123724,201.29855,9.114161
1161,-7.4,0.9666667,0.0,0.0,0.0,0.0,-0.70710677,0.0,0.6123724,2.9425652,2.042353
1162,-7.0,0.9666667,0.0,0.0,0.0,0.0,-0.70710677,0.0,0.6123724,188.02888,7.823748
1163,-6.6,0.9666667,0.0,0.0,0.0,0.0,-0.70710677,0.0,0.6123724,148.33182,27.629368
1164,-6.2,0.9666667,0.0,0.0,0.0,0.0,-0.70710677,0.0,0.6123724,164.76279,37.14019
1165,-5.8,0.9666667,0.0,0.0,0.0,0.0,-0.70710677,0.0,0.6123724,174.24788,14.641028
1166,-5.4,0.9666667,0.0,0.0,0.0,0.0,-0.70710677,0.0,0.6123724,157.43828,22.24586
1167,-5.0,0.9666667,0.0,0.0,0.0,0.0,-0.70710677,0.0,0.6123724,182.35281,28.505697
1168,-4.6,0.9666667,14.0,138.03325,39.417362,-0.041826658,0.019660663,-0.10287813,-0.24331148,139.66089,38.913624
1169,-4.2,0.9666667,19.0,149.38503,32.201454,-0.049230307,-0.0021363394,-0.10111811,-0.21637498,150.97464,32.289455
1170,-3.8000002,0.9666667,25.0,129.7318,49.52217,-0.06692662,-0.03075367,0.09255733,-0.24629739,133.12863,50.754528
1171,-3.4,0.9666667,29.0,140.94212,44.349663,0.0035539414,0.09428394,-0.21039802,0.075546935,140.79408,41.659317
1172,-2.9999995,0.9666667,43.0,103.66804,50.293736,0.023604892,-0.020188384,-0.15914008,-0.015423153,102.46321,51.042046
1173,-2.5999997,0.9666667,45.0,108.519035,48.525543,0.052396838,0.0095332805,-0.38704023,0.87567306,105.98997,48.267147
1174,-2.1999998,0.9666667,60.0,87.30271,52.589256,-0.002620802,-0.016732847,0.031255595,0.0878679,87.44218,53.22298
1175,-1.8000001,0.9666667,57.0,71.722916,42.500034,0.078865275,0.020719728,-0.3684205,0.15338024,68.40917,42.01786
1176,-1.4,0.9666667,68.0,57.629913,53.507515,0.0006791656,-0.070718616,0.041833926,-0.03654988,57.591602,56.40224
1177,-0.99999964,0.9666667,85.0,49.92651,61.800488,-0.0071553173,-0.009689266,-0.15218113,0.058746163,50.37179,62.229923
1178,-0.59999967,0.9666667,90.0,32.65484,63.751057,-0.04662287,-0.04644368,0.010942745,-0.042343736,35.73338,66.03067
1179,-0.19999993,0.9666667,99.0,24.222933,58.538273,0.040657368,-0.0009727071,-0.06699043,-0.059376594,21.839314,58.62711
1180,0.20000029,0.9666667,106.0,-1.9272245,53.652065,0.01940553,-0.0025255657,-0.07217863,0.0053643673,-2.9704323,53.75829
1181,0.6000004,0.9666667,90.0,-30.569752,56.91381,-0.042229116,-0.018355122,-0.11360125,-0.057238653,-28.13228,57.720066
1182,1.0,0.9666667,89.0,-40.888687,50.76029,-0.083156586,0.16781805,0.05051077,0.0037698422,-37.08333,45.76128
1183,1.4000001,0.9666667,74.0,-59.64923,49.43006,0.040218163,0.0006256278,0.06871813,-0.1109874,-61.637947,49.44818
1184,1.8000002,0.9666667,71.0,-74.614105,45.483894,0.008954517,-0.013270441,0.16993694,0.09835111,-75.02528,45.918686
1185,2.2000003,0.9666667,62.0,-104.802345,42.33389,-0.0055136834,-0.01773059,0.097074166,-0.13579933,-104.56596,42.87549
1186,2.6000004,0.9666667,39.0,-100.85404,45.04324,0.07095002,0.07265459,0.048393812,-0.10778506,-103.9043,42.991745
1187,3.0,0.9666667,52.0,-114.097305,43.784317,-0.02438948,0.0042247158,-0.021148704,-0.13687794,-113.03229,43.667038
1188,3.4,0.9666667,23.0,-116.90875,50.130466,-0.008866211,-0.076433145,0.17942905,-0.044767108,-116.4381,53.083668
1189,3.8000002,0.9666667,23.0,-136.10617,46.132324,0.075488985,0.08984132,0.5663793,0.52542806,-139.39482,43.564568
1190,4.2000003,0.9666667,19.0,-141.71878,36.11773,0.090674065,-0.038727097,0.120949335,-0.020556107,-145.102,37.312035
1191,4.6000004,0.9666667,14.0,-143.9408,34.24173,-0.08464967,-0.10736455,0.2398019,-0.102337085,-140.78009,37.33863
1192,5.0,0.9666667,0.0,0.0,0.0,0.0,-0.70710677,0.0,0.6123724,-170.21413,25.204597
1193,5.4,0.9666667,12.0,-157.70732,32.770687,0.008535013,-0.04772688,-0.3231709,0.07028272,-157.99698,33.937256
1194,5.8,0.9666667,0.0,0.0,0.0,0.0,-0.70710677,0.0,0.6123724,-160.23657,24.799404
1195,6.2000003,0.9666667,0.0,0.0,0.0,0.0,-0.70710677,0.0,0.6123724,-207.02704,2.2869606
1196,6.6000004,0.9666667,0.0,0.0,0.0,0.0,-0.70710677,0.0,0.6123724,0.934401,-4.081721
1197,7.0,0.9666667,0.0,0.0,0.0,0.0,-0.70710677,0.0,0.6123724,-192.14478,10.918699
1198,7.4,0.9666667,0.0,0.0,0.0,0.0,-0.70710677,0.0,0.6123724,-182.53511,7.4511127
1199,7.8,0.9666667,0.0,0.0,0.0,0.0,-0.70710677,0.0,0.6123724,-200.35619,-0.80341804
